"","x1","x2","x3","x4"
"1",9,5,-2.86591483872877,0.647531799040735
"2",4,9,-3.60553497736376,0.320813503582031
"3",10,3,-2.54058873104105,0.256908681243658
"4",6,6,-3.90858555965982,0.980161312967539
"5",1,4,-3.47180473851105,0.1836851562839
"6",2,4,-3.17137157731891,0.789189262548462
"7",2,2,-3.39308764038155,0.785679255146533
"8",14,2,-4.84722071347434,0.506241879891604
"9",5,2,-3.0675170143244,0.549062560545281
"10",6,6,-6.2418475662805,0.703030609991401
"11",12,4,-4.87167333502875,0.565230273874477
"12",6,5,-3.28368220954917,0.334202747792006
"13",4,2,-4.65919859432509,0.0620562001131475
"14",1,2,-3.23065957632281,0.358158104354516
"15",7,5,-3.14180087857632,0.323763349326327
"16",1,5,-5.02842011210148,0.0470140445977449
"17",1,4,-3.24837137997464,0.211536446819082
"18",2,3,-5.67294078925876,0.978543738368899
"19",3,6,-4.6174814442788,0.265256461221725
"20",1,5,-5.02930569342546,0.0205183087382466
"21",1,7,-2.87605200050252,0.71175295044668
"22",9,5,-4.02150356795257,0.789559644181281
"23",2,2,-4.94604965828088,0.286684454418719
"24",4,9,-5.93547361599203,0.661118929740042
"25",1,7,-3.42174501297995,0.108153295703232
"26",9,3,-3.18594467669643,0.57794498000294
"27",6,5,-3.76257353178784,0.159938383614644
"28",7,2,-4.25371537520438,0.906659010564908
"29",9,1,-5.32700935529179,0.192274938803166
"30",26,5,-4.04114418579017,0.123773955041543
"31",8,3,-4.5960939104832,0.817719252081588
"32",14,3,-0.870754763065963,0.517866604961455
"33",4,7,-4.44696415985917,0.083132416009903
"34",1,6,-2.32281841353423,0.991845330223441
"35",1,6,-3.84725866045343,0.52486023097299
"36",4,7,-3.04252078411513,0.27322850516066
"37",5,2,-4.08947028545709,0.833904281724244
"38",6,4,-4.15506785234958,0.248400443000719
"39",2,7,-4.13542847052757,0.286127791041508
"40",5,6,-3.2940113967528,0.816368856932968
"41",1,5,-2.71653178304453,0.253034467576072
"42",1,3,-3.31996644472953,0.208786320406944
"43",9,5,-3.90604665596606,0.642026192275807
"44",4,4,-2.73871304514882,0.458742092363536
"45",1,2,-4.53612980527011,0.236089411191642
"46",2,5,-5.58291414856973,0.890994239365682
"47",8,3,-3.83031837218315,0.353350570192561
"48",7,3,-4.17679102784472,0.698407511459664
"49",6,3,-5.20150881375396,0.200959993293509
"50",8,4,-5.24523068052358,0.822896438417956
"51",6,4,-4.9146639521672,0.516843520803377
"52",5,6,-5.10908682758876,0.0261098337359726
"53",2,4,-3.77670540622505,0.125840198714286
"54",5,6,-5.34596543994404,0.278582793893293
"55",8,7,-3.42514041704722,0.579323319718242
"56",10,4,-4.44737088155699,0.123228160664439
"57",5,3,-3.29095822090446,0.58096700720489
"58",3,3,-3.71371750508394,0.747583602089435
"59",3,5,-3.6159017669471,0.729987649712712
"60",17,6,-5.22855507371721,0.893082997296005
"61",2,1,-2.09058873154116,0.237564828014001
"62",7,2,-3.17920823725451,0.748899227241054
"63",1,2,-3.29623987733291,0.506747084669769
"64",2,7,-2.66719569675753,0.0794982300139963
"65",3,3,-4.11712293793876,0.489448932232335
"66",1,4,-4.64700464081054,0.344681914430112
"67",5,6,-2.37133703020281,0.837925137253478
"68",7,4,-3.80085770539821,0.0745917852036655
"69",6,6,-2.61359114572269,0.879096894990653
"70",11,5,-4.29136138621021,0.30125942081213
"71",4,4,-4.82484534376627,0.989626443712041
"72",1,6,-5.05737416758472,0.94294891343452
"73",3,4,-5.90282589037369,0.486536146374419
"74",1,3,-3.32946875680459,0.120099209714681
"75",6,1,-4.42145217264904,0.106286413036287
"76",1,7,-3.58348505134383,0.806695617968217
"77",1,1,-4.94608340372941,0.263132420135662
"78",1,4,-4.95623584409458,0.458077645627782
"79",1,2,-3.66195035237131,0.548929733922705
"80",8,6,-5.11848979744611,0.0391395252663642
"81",3,6,-3.76963416013078,0.973661666270345
"82",1,7,-4.00575339568389,0.661222095135599
"83",1,5,-3.61010264580259,0.683464159024879
"84",1,5,-3.12340799773492,0.0420207371935248
"85",4,5,-4.60409978907919,0.178114163456485
"86",1,5,-4.00188177625322,0.354015237418935
"87",6,7,-1.67233667332092,0.96355443354696
"88",6,5,-3.69056895365732,0.63934452761896
"89",16,7,-4.44340965092823,0.888550157658756
"90",2,3,-4.45416211437111,0.900884275324643
"91",2,5,-5.41392372565559,0.765598255442455
"92",8,4,-3.74004994353709,0.395321500254795
"93",1,5,-2.36403289551048,0.195997015107423
"94",8,4,-4.95349749957701,0.865959516027942
"95",1,4,-3.69205361483484,0.396800376474857
"96",1,5,-3.78289991197211,0.338297523092479
"97",1,3,-4.46173573088903,0.797555011231452
"98",5,4,-4.03883898742477,0.263103031087667
"99",5,4,-4.18587677245921,0.210020845523104
"100",2,7,-3.81507452050897,0.699673993280157
"101",8,2,-5.07643638900124,0.992515258491039
"102",5,4,-3.35318165571218,0.044157279888168
"103",2,2,-3.8415836064435,0.780395953450352
"104",7,8,-3.32706383170759,0.59148684842512
"105",5,6,-4.7453031873999,0.114383557811379
"106",2,6,-2.93993614353642,0.0849035393912345
"107",3,7,-4.77200884789177,0.124144962755963
"108",2,2,-3.37500889796641,0.0762611934915185
"109",1,4,-4.02727389359058,0.750885709188879
"110",1,6,-3.94591924930002,0.408900776645169
"111",5,11,-3.46232291590744,0.311174234608188
"112",12,5,-4.08367590308679,0.281170471338555
"113",8,6,-4.13557223852138,0.442430944414809
"114",5,4,-3.50436598564753,0.203020155895501
"115",3,1,-3.51746557986353,0.561525656143203
"116",26,5,-2.50146841842229,0.951758649433032
"117",2,2,-4.69829776156029,0.563923005945981
"118",1,5,-4.79877967509067,0.672113358974457
"119",3,4,-3.9011394092364,0.818697880022228
"120",4,3,-4.08985665068699,0.632629932137206
"121",5,3,-2.73247256834662,0.29277746938169
"122",3,9,-5.52791520083571,0.854242207482457
"123",3,4,-4.95590477125558,0.687426764983684
"124",5,5,-4.77947119104424,0.490113678155467
"125",1,2,-2.54037091893696,0.531482768012211
"126",13,5,-4.35377282300549,0.0302942357957363
"127",5,5,-4.10780181077221,0.89295706152916
"128",4,4,-3.71971312247575,0.669906003866345
"129",6,5,-5.97302825088768,0.139293631771579
"130",3,6,-5.07927985142306,0.000985732534900308
"131",3,4,-1.96970399630946,0.980690031312406
"132",16,2,-3.01295085075979,0.0833114346023649
"133",1,3,-3.75251695837011,0.83228720840998
"134",13,7,-3.58637982877317,0.751976098865271
"135",4,5,-2.51226834122796,0.0999784423038363
"136",3,3,-2.0112076466881,0.582946569193155
"137",4,2,-5.16910914138735,0.429207012057304
"138",8,4,-2.7793709136186,0.0153355428483337
"139",9,6,-3.91178811235507,0.285822323057801
"140",1,5,-2.6695066048375,0.143600333016366
"141",8,5,-4.35863317860202,0.713289063656703
"142",1,3,-4.03137830845081,0.724666937254369
"143",8,4,-4.16118248836347,0.953188304789364
"144",6,2,-3.66047233809698,0.443094567861408
"145",4,3,-4.66601385150985,0.184927339898422
"146",3,3,-3.82591016999701,0.568127131555229
"147",1,3,-3.13125926409967,0.784724090714008
"148",1,2,-4.26690535047562,0.822591779055074
"149",2,3,-4.79505201261286,0.97877983818762
"150",2,5,-4.67628197587658,0.229580375598744
"151",10,5,-4.23753967992955,0.9342962638475
"152",5,6,-4.72819844578811,0.0696296852547675
"153",4,4,-4.22388559379838,0.527431983267888
"154",3,4,-3.07992329822884,0.463524892926216
"155",20,4,-2.93618655380422,0.83837336814031
"156",4,7,-3.57053792354493,0.237429056782275
"157",1,8,-3.34758922635861,0.466768557205796
"158",1,2,-3.65024486777923,0.504727190127596
"159",1,8,-4.39433756823914,0.752516027539968
"160",2,5,-5.14369778443054,0.926454601576552
"161",3,4,-5.33083287201441,0.0586039987392724
"162",9,5,-5.29883704101717,0.15399848180823
"163",2,6,-3.35803689187563,0.822333087911829
"164",21,3,-4.59139850035457,0.948098090244457
"165",3,2,-3.84511093607481,0.151026145089418
"166",3,1,-2.75713080549031,0.0815780039411038
"167",1,4,-3.12815006220164,0.427729663904756
"168",1,2,-3.92742731580997,0.93761785607785
"169",3,5,-4.66911863873423,0.379354257835075
"170",2,4,-4.43214080012214,0.984699940308928
"171",4,2,-4.14261704523252,0.776380001567304
"172",2,6,-4.81963599958747,0.00739542744122445
"173",3,2,-3.4083692914911,0.905471873003989
"174",4,5,-4.8106148747902,0.468873897567391
"175",2,5,-4.35422933338884,0.17303784773685
"176",8,4,-3.83982538258457,0.83678289805539
"177",4,5,-3.48370672643878,0.78582892823033
"178",8,5,-4.6242153804314,0.571749948896468
"179",3,5,-6.09334325238232,0.439172925660387
"180",3,5,-3.9983333096386,0.777985267108306
"181",1,5,-3.09473768916694,0.376333496998996
"182",3,3,-3.36559512149977,0.998129374580458
"183",1,5,-3.40231899262471,0.204818789381534
"184",7,3,-2.15502150786348,0.995537845185027
"185",2,3,-4.3834187857514,0.300613562343642
"186",18,6,-4.2554097045545,0.476299471221864
"187",3,5,-1.89608855712268,0.239546411903575
"188",5,4,-5.07994294157621,0.875074483221397
"189",6,5,-4.0435196301357,0.483951550675556
"190",1,5,-1.96992976048461,0.61662939353846
"191",2,2,-4.31938605957068,0.239899519598112
"192",12,5,-4.31368019914085,0.0767547565046698
"193",13,3,-4.57962589031529,0.226029262878001
"194",3,2,-3.21184996986752,0.994491944788024
"195",5,5,-5.7320937441591,0.160068842582405
"196",10,2,-4.6990007645772,0.127873951336369
"197",1,3,-5.05189322661647,0.166015847586095
"198",3,4,-3.27217003202119,0.983555640792474
"199",5,6,-4.38051681138218,0.453248004661873
"200",2,3,-3.98928382074049,0.38315607002005
"201",10,4,-4.10434940594849,0.821736225159839
"202",2,2,-5.5280839874334,0.0906881857663393
"203",2,4,-3.99041575299281,0.607397984713316
"204",3,0,-2.67904555966688,0.628961534472182
"205",11,7,-3.27806097702595,0.595022034598514
"206",5,3,-4.19868467933632,0.0877002952620387
"207",2,5,-5.29396241339246,0.971755778184161
"208",4,3,-4.4478279831051,0.713826947845519
"209",5,4,-3.25933250554514,0.527861636364833
"210",2,7,-4.21852908102595,0.591319477884099
"211",1,4,-3.98504261651982,0.973312366986647
"212",1,5,-3.30677669575012,0.617136301007122
"213",3,4,-2.2593322003821,0.368722177110612
"214",14,3,-4.28716331846156,0.79810290900059
"215",9,5,-5.70630794439391,0.477182439761236
"216",6,3,-5.47675833662023,0.123453544452786
"217",10,4,-4.37315200050816,0.818881681654602
"218",1,5,-2.64301152075199,0.947218584595248
"219",6,6,-4.668497023211,0.414564361562952
"220",1,4,-3.38779150998822,0.896985848899931
"221",5,6,-2.82034283743384,0.713102633133531
"222",2,2,-2.78525930689044,0.622491917340085
"223",1,4,-4.09846126026545,0.235746580176055
"224",5,2,-4.31328428487062,0.553665834944695
"225",6,7,-4.96253357916506,0.0999758986290545
"226",3,4,-3.83687476078928,0.86167320725508
"227",1,2,-3.83079190719152,0.0684616200160235
"228",24,1,-4.30268271771326,0.996872190153226
"229",24,0,-4.2248322125292,0.561576265376061
"230",1,6,-4.18146651131207,0.103268631733954
"231",5,7,-3.64469149807952,0.192134443437681
"232",2,3,-3.38395891160904,0.710090804612264
"233",4,3,-3.26075158979027,0.888520283158869
"234",5,5,-4.9948281196458,0.994825609726831
"235",4,5,-5.51037570976664,0.678919163765386
"236",2,4,-6.48116883737604,0.462243882706389
"237",4,4,-5.76851135252526,0.595178947318345
"238",4,3,-3.50784533290332,0.582738249562681
"239",2,7,-3.86603643952398,0.110557823907584
"240",1,4,-4.18791317143036,0.844522529048845
"241",1,2,-4.62371380638964,0.977024692809209
"242",10,4,-2.97852044866603,0.347638797480613
"243",5,4,-2.48941537163498,0.113992544589564
"244",6,5,-3.66001182154514,0.313080911757424
"245",1,3,-5.06199869809863,0.422676698537543
"246",7,5,-3.21916683663768,0.787345200311393
"247",3,7,-5.32042076626945,0.64544619503431
"248",1,6,-3.40126030381991,0.220010638237
"249",4,6,-3.46204870725803,0.0982904450502247
"250",14,6,-3.40439618364662,0.819061177549884
"251",5,7,-3.99332079201851,0.368912593694404
"252",6,5,-2.64410638499755,0.0690238524693996
"253",9,6,-3.20418641771691,0.872775972355157
"254",3,3,-3.74012700310293,0.453052110504359
"255",4,6,-4.81931495603836,0.472529994091019
"256",3,4,-4.60175885553795,0.5768878380768
"257",3,3,-1.5223935023878,0.360444037476555
"258",5,4,-4.81596932346647,0.45364350406453
"259",7,3,-4.53351876034584,0.288865423761308
"260",4,5,-4.23628984702917,0.969860850600526
"261",1,6,-4.18060970702551,0.686629717936739
"262",1,4,-7.05982547760058,0.481980431824923
"263",4,7,-4.02149462075957,0.444079166976735
"264",10,4,-3.85474387594505,0.315779517404735
"265",2,5,-3.3600849411164,0.813295317115262
"266",1,5,-3.37656578025806,0.543107345700264
"267",7,3,-2.26025516916618,0.523034970741719
"268",1,4,-3.59587953071354,0.662525276653469
"269",2,3,-3.62208533802699,0.196693134959787
"270",2,3,-1.32875048911005,0.271032175514847
"271",1,7,-4.24993901318914,0.409860548330471
"272",5,4,-1.49087593483488,0.623661062680185
"273",1,5,-3.96584000599997,0.0734599137213081
"274",6,5,-4.1535642250763,0.99511224613525
"275",11,2,-3.52711992335259,0.719026997918263
"276",1,7,-3.96581506491961,0.0471984660252929
"277",4,3,-5.37899144595508,0.43279747851193
"278",4,1,-3.73132716941446,0.908028899691999
"279",16,3,-3.11370494469974,0.102224441245198
"280",5,3,-4.19681567838794,0.190568200778216
"281",2,5,-3.48135392857559,0.68073382996954
"282",1,3,-3.40005039649984,0.986602310789749
"283",8,3,-3.68438077051509,0.0889439857564867
"284",4,3,-3.06835478745543,0.926393303321675
"285",1,6,-3.8742531129372,0.0373957471456379
"286",2,5,-2.77914731082184,0.553465448087081
"287",8,6,-3.83537679138356,0.373341882135719
"288",4,5,-5.3143304115464,0.716373004484922
"289",1,3,-4.26262750713113,0.0421025012619793
"290",1,6,-3.9766470603364,0.856858958490193
"291",3,6,-5.39528782464156,0.0616454274859279
"292",1,2,-4.4349719791559,0.83849212853238
"293",1,8,-3.72635607183335,0.917752939974889
"294",7,3,-4.61279656188605,0.612738141557202
"295",7,4,-5.80696343400967,0.498691997723654
"296",1,5,-3.07088975566288,0.229369689710438
"297",4,7,-3.73097100958082,0.37556733796373
"298",4,5,-4.08448884784898,0.477636742172763
"299",15,5,-1.41018488983053,0.15744369616732
"300",6,6,-4.70102335329895,0.902258306741714
"301",6,4,-3.72785118933098,0.724342480534688
"302",6,1,-4.23117428695395,0.179471389157698
"303",7,6,-5.58423440508195,0.6003843548242
"304",1,6,-4.38731916685396,0.501543953549117
"305",8,5,-2.43400152696146,0.172572711016983
"306",2,2,-2.69744191411537,0.985881904605776
"307",2,5,-7.70671555975984,0.316175801679492
"308",8,7,-3.41889224723419,0.911487423582003
"309",6,6,-4.26739194270206,0.333276242949069
"310",7,4,-3.8524306892625,0.684424001956359
"311",3,4,-3.20780273055045,0.455814524786547
"312",1,5,-3.79597173388538,0.761674244189635
"313",2,6,-5.20385467909964,0.700855486327782
"314",3,4,-3.32741264401601,0.692793198628351
"315",4,6,-5.22343545899544,0.730652411468327
"316",4,6,-4.60624420958912,0.253117417683825
"317",1,7,-4.52013870079918,0.120204614009708
"318",5,2,-2.77519973326511,0.39268075954169
"319",2,5,-5.86186941462073,0.601506549865007
"320",3,4,-2.39095241899502,0.262250201776624
"321",6,4,-4.72367611119567,0.225330436835066
"322",1,3,-3.40477314975894,0.270928656449541
"323",3,2,-4.1143121605263,0.659815379418433
"324",26,4,-5.47955234259897,0.815071098739281
"325",18,4,-2.85992618440871,0.698978917207569
"326",1,6,-5.67011897460076,0.799435860477388
"327",2,3,-4.28950598333692,0.489942296873778
"328",11,2,-5.42834234329263,0.0340381481219083
"329",15,2,-2.99938939877737,0.947229412384331
"330",3,3,-3.21323219849072,0.118994588730857
"331",9,6,-4.00419345119751,0.328150342684239
"332",4,4,-3.3519011281343,0.0573527533560991
"333",1,4,-3.24019497765168,0.140528756892309
"334",15,5,-3.0956465860503,0.68163811834529
"335",7,5,-3.70869408359859,0.491697224555537
"336",3,5,-2.49928562442848,0.755424936069176
"337",5,4,-3.10385054898124,0.655280457576737
"338",5,4,-4.27589638369427,0.238803734537214
"339",2,5,-1.72237652063335,0.899703109404072
"340",5,3,-3.45484900287253,0.37562263966538
"341",5,3,-3.80053943702027,0.430530680110678
"342",2,4,-4.54033753658117,0.775897233514115
"343",9,6,-4.66208213344578,0.749242598190904
"344",1,4,-3.40465665391543,0.123265287838876
"345",5,5,-4.00672285881118,0.119209077674896
"346",5,5,-3.52319802102801,0.249990794574842
"347",3,8,-3.52726622857189,0.832870759768411
"348",4,1,-4.69276848502033,0.54971803794615
"349",1,5,-4.41304834826043,0.66621968196705
"350",2,3,-3.86921076992123,0.888901523780078
"351",8,6,-5.27944301254263,0.00496591674163938
"352",10,5,-3.37350579106974,0.363216782920063
"353",1,6,-4.97827447571269,0.681158389197662
"354",2,9,-5.47457009991791,0.432681209174916
"355",1,4,-3.62050868650842,0.744488392490894
"356",10,5,-5.50382046165364,0.964361772872508
"357",3,5,-2.80327178631017,0.0629978813230991
"358",20,7,-4.39069747107279,0.68989842873998
"359",2,4,-4.30497293644634,0.119293960975483
"360",11,3,-5.29346307407594,0.45075102429837
"361",2,7,-4.60305745492609,0.633181472308934
"362",3,1,-3.34927698338526,0.423916173633188
"363",1,4,-3.49439411916174,0.150050851283595
"364",2,2,-6.75182513177972,0.969135120045394
"365",7,3,-4.71657042774895,0.85742161469534
"366",17,5,-4.99580115924018,0.178469857433811
"367",2,4,-4.97341524023136,0.398846273310483
"368",1,6,-4.16727308232154,0.835141449933872
"369",6,4,-5.83032200240375,0.348715991480276
"370",1,4,-3.65463366044023,0.346052189357579
"371",5,3,-4.8015909747808,0.923834451474249
"372",6,6,-3.43413706986657,0.731621912447736
"373",2,5,-5.2753069925309,0.748232067096978
"374",2,6,-3.30536288369342,0.467776279198006
"375",1,7,-2.65703552041784,0.791040728101507
"376",1,5,-2.49900501325506,0.967748981202021
"377",4,3,-3.88093646638585,0.350876782787964
"378",4,5,-3.30044949555655,0.0158943000715226
"379",6,5,-3.47947885865396,0.923998784506693
"380",2,3,-5.51178707341438,0.869649037485942
"381",1,2,-4.01293097670785,0.350281576393172
"382",6,4,-3.06067272837118,0.602389673935249
"383",2,5,-3.12676029840053,0.789074785308912
"384",7,4,-2.32027151159084,0.10396485729143
"385",8,4,-5.66743987422264,0.0237776418216527
"386",2,5,-2.63639363122996,0.304986201692373
"387",13,4,-5.1843166487877,0.18861372070387
"388",3,6,-4.12583966961023,0.467375220730901
"389",4,2,-5.3936978979016,0.288305983878672
"390",7,5,-5.91458386997769,0.999057638691738
"391",5,6,-2.99670740095227,0.233144703088328
"392",1,3,-3.68098666430888,0.191493588732556
"393",13,6,-5.91993560224007,0.543077755020931
"394",13,2,-4.14889042110405,0.970381833147258
"395",5,5,-3.51884692532477,0.721609416184947
"396",7,2,-3.01572969899925,0.817353314720094
"397",10,7,-4.52680399650987,0.413266869727522
"398",4,3,-4.83296273028081,0.593100269557908
"399",6,4,-4.37140734859006,0.19726609159261
"400",4,5,-3.24844579284536,0.406378836603835
"401",2,4,-4.05306242599113,0.936604863032699
"402",1,4,-3.52011335602402,0.746039626887068
"403",2,5,-2.91691694860528,0.586842768359929
"404",8,5,-3.29195746235871,0.724289510166273
"405",5,6,-2.74540367180544,0.735883543500677
"406",6,4,-4.84056703986969,0.671252003638074
"407",3,3,-2.4150912614271,0.0610668207518756
"408",13,3,-4.47866898293275,0.4279045376461
"409",17,5,-5.80268163923949,0.177579496754333
"410",2,6,-4.42082638543492,0.0318085676990449
"411",36,5,-3.12216773780723,0.235763692297041
"412",2,6,-2.40678347276665,0.106824868824333
"413",1,4,-4.06328529583361,0.0648521091789007
"414",2,4,-4.1162637099252,0.487567211734131
"415",1,4,-4.0175988406447,0.923298653913662
"416",4,4,-2.50845487573463,0.676013467367739
"417",6,4,-3.48813815426731,0.359130544122308
"418",1,3,-3.0415257966804,0.954073308035731
"419",8,4,-4.5386246723516,0.824624331668019
"420",3,4,-3.26230789998901,0.638076118659228
"421",7,4,-3.06574823543432,0.117889607790858
"422",4,4,-2.93650727598012,0.834613439859822
"423",9,5,-3.32418182719496,0.826354598160833
"424",5,3,-3.21805432349437,0.881853915285319
"425",1,4,-4.37439077217991,0.697141115088016
"426",13,3,-4.66115302450179,0.440539403120056
"427",4,3,-3.89456468200082,0.939921353477985
"428",4,8,-4.45304587244256,0.976237469352782
"429",3,2,-5.14931558762425,0.0799940079450607
"430",3,4,-5.09189261833523,0.118466855725274
"431",10,5,-3.49306094927628,0.237545060692355
"432",2,4,-5.19086502001799,0.876609253231436
"433",13,2,-3.88910098037097,0.217911748914048
"434",3,5,-3.27019886525604,0.907140903174877
"435",3,6,-2.67467511612397,0.772824152605608
"436",4,4,-5.35660124264983,0.794276451459154
"437",1,4,-2.41439155277905,0.111696089850739
"438",2,6,-4.24034810428232,0.94573835702613
"439",6,3,-3.83589255967794,0.802950791083276
"440",1,4,-3.53406602312565,0.283389027928934
"441",11,4,-4.25696381891906,0.727169441757724
"442",1,2,-3.55089360303134,0.704457042971626
"443",4,3,-2.48109118907408,0.244571691844612
"444",3,6,-5.00006824863114,0.917708976194263
"445",5,6,-4.20235662213801,0.529067790601403
"446",4,2,-3.76154396726626,0.786559845786542
"447",13,3,-4.70339740891505,0.564456900814548
"448",3,7,-2.83232058295497,0.352407676866278
"449",9,4,-4.7757193171398,0.332890627672896
"450",1,6,-5.62915207564745,0.021050418028608
"451",5,4,-3.13065064525366,0.926195094594732
"452",2,4,-3.9082548159898,0.0779181856196374
"453",3,2,-2.43462345123666,0.290921881329268
"454",1,4,-2.86850383469559,0.911267253803089
"455",6,7,-3.63391944345121,0.91632743482478
"456",11,6,-3.63711791018293,0.999035905348137
"457",17,8,-3.45634669468949,0.530534403165802
"458",1,2,-5.55726866797878,0.509191515622661
"459",10,7,-3.78303109771956,0.144354569260031
"460",3,2,-3.72021903088892,0.419998708413914
"461",1,6,-3.94359061293123,0.929509111214429
"462",1,2,-3.17726347748609,0.48066224087961
"463",3,4,-4.90324652338201,0.229682205244899
"464",3,6,-4.29987091106954,0.745052361628041
"465",5,7,-6.29882742917851,0.0987191502936185
"466",7,4,-2.8525620762307,0.612435152055696
"467",9,3,-3.67338153743752,0.408304748591036
"468",22,6,-4.01520415314851,0.992116865701973
"469",8,5,-4.24656640749058,0.192285953555256
"470",10,3,-4.26952268024627,0.580250269034877
"471",3,3,-4.70567458662119,0.620194135466591
"472",9,5,-3.48673473122546,0.394621446495876
"473",7,7,-3.8861645871036,0.886999333277345
"474",5,4,-3.36853983340635,0.339100632583722
"475",7,5,-5.49832448554607,0.694597146008164
"476",4,5,-2.59513363907098,0.111834994284436
"477",6,2,-3.42039690273153,0.840419768122956
"478",1,3,-3.09299362849218,0.284778657136485
"479",1,2,-4.10994617667783,0.117931411135942
"480",3,2,-3.67796463325355,0.156178931938484
"481",1,8,-4.50178902462029,0.854045487707481
"482",6,5,-1.55627132877643,0.492979123722762
"483",5,8,-4.09277021515765,0.767855476820841
"484",5,4,-3.05387503397969,0.739104281878099
"485",3,3,-5.54514428644328,0.724846996832639
"486",1,3,-4.43766776641848,0.808133143931627
"487",10,5,-5.84724543775174,0.973044126527384
"488",1,2,-3.89351861600188,0.443020513281226
"489",4,1,-3.23409454132201,0.601726142689586
"490",1,5,-2.86924033253512,0.740930497413501
"491",6,3,-4.94428310464805,0.924136172048747
"492",3,5,-3.91564346403172,0.0750003990251571
"493",6,4,-4.89144538247607,0.708012101706117
"494",14,9,-2.43324553396663,0.770102684386074
"495",2,5,-3.58904130080918,0.199426209554076
"496",3,4,-4.07571367106471,0.996959978947416
"497",2,6,-1.66448744183783,0.548019219655544
"498",4,5,-3.14068318571248,0.888058943673968
"499",1,4,-2.68469405716449,0.470401106867939
"500",4,8,-5.35828119734867,0.326609817333519
"501",3,6,-4.84552914234603,0.0628281543031335
"502",4,6,-4.00155349043959,0.822502027731389
"503",7,4,-3.13965034908701,0.479597674682736
"504",20,5,-4.83593411128445,0.988889971747994
"505",1,7,-5.79058489587227,0.958532587392256
"506",2,7,-4.83831623978917,0.971370621351525
"507",8,4,-3.71644449367473,0.936663612257689
"508",1,5,-2.64527908177279,0.621175882639363
"509",1,6,-4.79424088082845,0.157451872481033
"510",3,3,-2.91678324222758,0.608730142237619
"511",2,7,-4.22078075442856,0.463944202987477
"512",1,7,-3.32501772795888,0.0360520968679339
"513",15,4,-4.0155084934491,0.222964286105707
"514",2,5,-4.18830597518952,0.444504856364801
"515",2,3,-4.60087430038129,0.437269663438201
"516",6,4,-4.89609229031152,0.598228553310037
"517",8,8,-3.69037157333186,0.501303359633312
"518",6,4,-3.94154354922901,0.208284667693078
"519",1,4,-5.06544655853335,0.540925977518782
"520",1,4,-2.37645426616017,0.958856787066907
"521",1,1,-2.49160164141059,0.873352032853291
"522",8,3,-4.16392372417586,0.216965710977092
"523",9,4,-2.35792612328443,0.0241208418738097
"524",2,4,-4.86098697108512,0.434149985434488
"525",2,7,-5.11608606653447,0.130964279640466
"526",7,6,-1.76820434202053,0.688930853502825
"527",11,3,-4.0965046529374,0.187183162663132
"528",5,5,-4.05141601115225,0.951932286377996
"529",9,5,-3.97085784684214,0.65689603658393
"530",5,7,-3.87207925197349,0.621792930644005
"531",2,5,-3.28334620705661,0.333959162002429
"532",2,2,-2.73999482209306,0.147614890709519
"533",2,5,-4.32022741855314,0.801920404424891
"534",9,2,-3.00656493674125,0.841438721865415
"535",13,2,-5.8082406592252,0.976379318162799
"536",3,1,-4.66077989693307,0.0186731612775475
"537",3,3,-3.63429717938094,0.23767044278793
"538",8,6,-3.37115575534744,0.949130829656497
"539",6,8,-2.92036777524046,0.596134455874562
"540",8,6,-3.45825394901741,0.0443277144804597
"541",19,1,-4.12440348850611,0.832529526203871
"542",9,7,-3.77063237717627,0.21500698546879
"543",4,5,-3.04091638526098,0.269925685599446
"544",3,5,-3.52733614864309,0.517394422087818
"545",2,6,-5.88556183827894,0.0447344302665442
"546",2,5,-4.16781442371342,0.982497981050983
"547",5,5,-4.7096862460045,0.411530864657834
"548",5,3,-1.74833222239737,0.984019540250301
"549",5,3,-4.88962565458514,0.876605740981176
"550",2,3,-2.65748841725801,0.0814282500650734
"551",10,4,-2.7511771162954,0.100434884428978
"552",19,4,-3.21100528302014,0.280513791833073
"553",1,3,-3.867720076024,0.722583083668724
"554",3,0,-3.66983966670976,0.440219570416957
"555",4,4,-4.61609845606763,0.266582552343607
"556",1,6,-2.55391904879032,0.110845785355195
"557",6,7,-6.31199242709766,0.853873221436515
"558",1,6,-3.97593928419687,0.962018150137737
"559",5,7,-3.24032928747499,0.696088982280344
"560",1,5,-3.87302988204008,0.578845314215869
"561",1,5,-5.42588475007666,0.771622005850077
"562",14,3,-3.4798650531563,0.983167063212022
"563",6,2,-3.83673069189617,0.81607049703598
"564",11,5,-4.91903850085531,0.00210301904007792
"565",9,5,-4.06460240604185,0.872641932684928
"566",7,5,-3.65621874628595,0.498301898827776
"567",4,4,-4.49980588896805,0.484600416384637
"568",1,6,-3.12119320239431,0.0111959003843367
"569",14,6,-2.61480387622303,0.939011183101684
"570",7,5,-4.14970738867355,0.566577733261511
"571",8,2,-3.00858305914464,0.719145736191422
"572",1,4,-4.28796939941242,0.746259777341038
"573",1,4,-4.35842559746819,0.865873273229226
"574",6,5,-4.40096413692765,0.671251045074314
"575",2,5,-3.48611828391124,0.557089302921668
"576",7,7,-3.46174040342328,0.53190267435275
"577",3,2,-4.71572881654471,0.959973341552541
"578",1,8,-4.49961862809396,0.977807348128408
"579",4,4,-3.70410476133494,0.557046439731494
"580",3,5,-5.4903988801325,0.856525663519278
"581",2,7,-4.27529733757592,0.972369847120717
"582",9,6,-4.56144803816392,0.917425423627719
"583",12,6,-4.81283884348534,0.821439550258219
"584",3,5,-2.94437467091768,0.902936165919527
"585",8,6,-3.770340242356,0.0673766857944429
"586",1,5,-5.29764205552915,0.356760259252042
"587",7,3,-4.53796061136897,0.286520875291899
"588",3,5,-4.02692306496815,0.60789352026768
"589",1,3,-4.40705763015443,0.314135036664084
"590",2,4,-5.93818809411935,0.505068342201412
"591",7,3,-3.51869075547049,0.135024923132733
"592",2,4,-1.84668948853533,0.958406934514642
"593",2,4,-3.18384555060072,0.197407140396535
"594",3,4,-4.56545424332536,0.10988334659487
"595",5,4,-4.0848045091221,0.383671880234033
"596",2,7,-3.82449404225742,0.512432135641575
"597",3,7,-3.39757608889415,0.509206520626321
"598",8,2,-6.13950345568204,0.538899586768821
"599",24,2,-4.02141634938384,0.426824484718963
"600",2,4,-2.96011141877199,0.899645439814776
"601",10,1,-2.84308167585763,0.162435249658301
"602",5,4,-3.38010514132086,0.0548281371593475
"603",5,7,-4.00414927634363,0.350903620012105
"604",6,4,-4.3660468533295,0.284809691132978
"605",3,3,-4.4354738864594,0.986554716946557
"606",10,4,-4.66606862154356,0.0041088811121881
"607",7,2,-5.38861013241699,0.868122396757826
"608",2,4,-3.68571638080809,0.53801747248508
"609",8,7,-4.94759156298665,0.524246644228697
"610",2,4,-4.20762359232115,0.0325721534900367
"611",2,2,-2.56451226634975,0.901399875758216
"612",12,4,-4.61997993309025,0.631185378879309
"613",1,5,-4.58447538636595,0.574738375144079
"614",3,4,-3.63232871696446,0.587094804970548
"615",4,3,-4.4939689565329,0.711519717704505
"616",3,5,-5.68777504554135,0.770216967910528
"617",1,6,-4.0033835631015,0.639271032065153
"618",2,9,-3.56291176149769,0.416968578938395
"619",3,5,-3.87218487964398,0.195346943801269
"620",3,7,-5.02892296599742,0.086884940508753
"621",1,4,-3.04328830115689,0.504394061630592
"622",1,7,-5.43978041221308,0.0523393475450575
"623",3,4,-4.14100642124502,0.0557748910505324
"624",8,5,-2.94678766274696,0.121227330295369
"625",1,4,-5.14929323028789,0.8538838471286
"626",8,6,-3.98391636988118,0.244857959449291
"627",1,7,-2.99236238297558,0.236365967197344
"628",18,4,-5.69594254203726,0.623585937079042
"629",1,4,-2.03169803936326,0.485896073281765
"630",6,3,-4.11171432679374,0.403401257004589
"631",15,6,-3.71147469995514,0.293236404424533
"632",1,3,-6.75228665640479,0.644595772027969
"633",15,8,-3.68659206308349,0.681624001823366
"634",3,8,-5.65513546154075,0.472061958629638
"635",17,3,-3.54687166404009,0.687659080605954
"636",4,4,-3.52609963935035,0.210420212475583
"637",1,6,-3.78495521504719,0.590459048049524
"638",1,7,-4.1468046432269,0.815884025301784
"639",3,5,-4.81242710266397,0.918045128462836
"640",1,4,-5.4673929904239,0.848276985809207
"641",5,2,-2.87551095449311,0.525468558073044
"642",1,5,-4.59171591468861,0.104053371353075
"643",3,4,-2.82600194743826,0.171693701529875
"644",1,4,-2.98756683003683,0.794955521821976
"645",13,6,-4.30086340439134,0.38526314473711
"646",1,7,-4.32168386404062,0.537009971681982
"647",2,5,-4.38965349940655,0.169142398750409
"648",5,5,-3.12651480858692,0.818048665998504
"649",14,5,-4.42080780191765,0.168524777749553
"650",8,5,-3.88586740817036,0.917872641701251
"651",3,4,-3.42200514774024,0.780992968473584
"652",1,6,-4.14406628038994,0.778253060765564
"653",4,4,-3.27954998015388,0.519994445610791
"654",3,4,-4.42847396796065,0.052698333049193
"655",6,3,-2.13006545054638,0.400982753839344
"656",10,3,-4.71889071789508,0.13590804906562
"657",11,9,-3.46708306417831,0.135976330377162
"658",2,5,-3.53192949969377,0.809048757655546
"659",4,3,-4.13382703720098,0.213832709705457
"660",1,5,-5.81017089590244,0.639983458444476
"661",13,6,-3.44285192778776,0.855335355969146
"662",5,4,-4.43509221254363,0.0491505078971386
"663",17,6,-5.58952929059771,0.176835489692166
"664",3,4,-3.44103201944457,0.827089391415939
"665",2,4,-3.17222910457012,0.501923029311001
"666",12,4,-5.24896691009946,0.728186102118343
"667",12,7,-3.04313575484858,0.0426153053995222
"668",5,8,-4.29260482757122,0.91411489318125
"669",3,7,-4.58620667709248,0.863444205606356
"670",5,2,-3.38550655109022,0.553390901535749
"671",2,5,-5.21682485484545,0.310619789874181
"672",4,8,-4.77765000861059,0.301286791451275
"673",2,5,-5.37172651166379,0.37671273201704
"674",3,6,-3.43089253147173,0.406198230339214
"675",16,9,-3.63374092089519,0.614288143115118
"676",6,5,-4.15610137979836,0.334464168641716
"677",3,8,-4.94955604384188,0.668065811041743
"678",5,3,-3.56719006215536,0.704514072742313
"679",1,4,-5.6392289249858,0.717798180645332
"680",17,5,-4.35729140781625,0.940735169919208
"681",2,3,-3.93379181212817,0.832954878685996
"682",1,6,-3.35496587488838,0.496860205428675
"683",8,4,-3.25720601203852,0.425998914754018
"684",9,4,-2.57165193773168,0.464749685255811
"685",4,9,-7.11268663825863,0.761007551569492
"686",5,4,-2.61669516299144,0.65763402893208
"687",6,6,-3.80838939415816,0.844599775969982
"688",3,0,-2.83573763026428,0.194560710340738
"689",10,4,-4.96572200866184,0.922820061910897
"690",7,3,-3.79498054570346,0.0114069189876318
"691",4,1,-5.48889853392793,0.37117154407315
"692",1,4,-4.99773989707338,0.330982421990484
"693",9,3,-3.60097203902333,0.0884973790962249
"694",1,5,-4.86035782748577,0.0678611148614436
"695",7,6,-3.0954215180289,0.891203035833314
"696",2,7,-3.20165289427838,0.190196417272091
"697",2,2,-4.22528246105917,0.400743821170181
"698",2,5,-3.66292845314181,0.548775504110381
"699",7,6,-4.30263695671954,0.538759056013077
"700",5,0,-2.99884714569297,0.141148560447618
"701",2,4,-3.84731896818708,0.335595218697563
"702",3,5,-5.75575456889478,0.49354538298212
"703",8,5,-1.79670081870339,0.5989065465983
"704",3,6,-6.44941582945391,0.502039709128439
"705",6,3,-3.48837603117459,0.553938866592944
"706",9,3,-3.50039414642013,0.932379207341
"707",6,8,-2.98500482271407,0.611312836408615
"708",8,3,-5.00826968587566,0.544589766301215
"709",1,4,-4.01389661778298,0.419577832100913
"710",14,2,-3.01247012268219,0.718867633026093
"711",2,1,-3.20944154595654,0.326769089093432
"712",10,7,-4.7054497977235,0.670557694043964
"713",9,5,-3.02852051497687,0.431652634870261
"714",10,3,-3.22353452960784,0.355040113208815
"715",1,4,-5.89848857067595,0.233684853417799
"716",1,7,-4.74432139186091,0.87925289850682
"717",2,6,-5.8842927009504,0.327337328111753
"718",4,4,-4.7530311340161,0.0646148175001144
"719",29,4,-3.93580047799806,0.37329826131463
"720",1,7,-3.3919816186215,0.993740965379402
"721",2,6,-2.08547542469138,0.697607761016116
"722",1,3,-5.9888127081705,0.639838501578197
"723",1,6,-5.49217837623745,0.35197725566104
"724",1,1,-4.11775418078022,0.43843051767908
"725",3,4,-4.24058948591723,0.868160620098934
"726",2,4,-3.66149278312087,0.799295740202069
"727",6,3,-3.24277664604206,0.0674422078300267
"728",2,7,-3.53981845204943,0.0092832688242197
"729",2,4,-4.0790555959671,0.957398539176211
"730",3,5,-3.25558007375911,0.293360201641917
"731",10,5,-3.5459023442126,0.323911519255489
"732",2,7,-3.78260078095152,0.561531433835626
"733",2,4,-4.11527041873816,0.627303994260728
"734",1,5,-4.24997185619212,0.687400918686762
"735",2,5,-4.18842443329259,0.455265515483916
"736",9,4,-3.36283156499338,0.664116695057601
"737",2,5,-4.00113830943082,0.392629652051255
"738",5,4,-3.87384010401219,0.684810960665345
"739",10,2,-3.46442318970119,0.725020944839343
"740",6,3,-3.94961905876456,0.345455850241706
"741",8,7,-3.46357337738947,0.901503221131861
"742",1,7,-3.9345064179218,0.946226269006729
"743",1,4,-2.48274817638007,0.562900020740926
"744",1,5,-4.61776781960782,0.386370988329872
"745",2,5,-4.20030526507493,0.106314572971314
"746",6,4,-2.53543949179788,0.0285082657355815
"747",1,3,-2.52866007854151,0.582306952681392
"748",16,4,-3.71905862866272,0.0150217427872121
"749",2,2,-4.71667031242393,0.690422086976469
"750",20,6,-4.1389585671519,0.321828490821645
"751",5,3,-3.96745505854187,0.358003857079893
"752",1,6,-5.13871273988779,0.0226663947105408
"753",5,3,-3.34060746179184,0.999997403472662
"754",2,3,-3.17808795144858,0.84574173623696
"755",1,3,-3.74472741975674,0.317877585999668
"756",4,7,-4.27547603915286,0.918828029651195
"757",8,3,-5.61003522146834,0.815525624435395
"758",4,3,-4.45074640578556,0.323863450903445
"759",6,3,-3.95612432282372,0.607513317838311
"760",8,3,-5.73411559194029,0.836748942034319
"761",2,3,-2.70776674222818,0.434112737653777
"762",3,8,-4.83824788302323,0.776267321314663
"763",3,2,-2.85728481260998,0.867118595400825
"764",2,5,-3.29374603309472,0.773954527219757
"765",5,5,-2.62068718615941,0.690847735619172
"766",3,8,-3.80935387364705,0.879515539389104
"767",7,2,-3.9834783811145,0.579192790901288
"768",3,4,-4.26677296289254,0.267805780051276
"769",6,4,-3.41209203824243,0.502896763151512
"770",10,7,-4.20129852379511,0.841876093065366
"771",2,4,-3.72370748259936,0.139307864010334
"772",4,4,-5.90332718759795,0.0866029257886112
"773",1,4,-4.65205055094043,0.974284949945286
"774",5,4,-3.15103338984984,0.519218828063458
"775",6,2,-2.31392061272545,0.187262959079817
"776",2,5,-5.38866739835112,0.0251558015588671
"777",2,3,-3.73497166307421,0.709442258579656
"778",6,4,-5.80049837873045,0.657771538943052
"779",1,4,-3.57175071083553,0.737222554394975
"780",8,2,-3.27440315508921,0.188188832020387
"781",5,7,-4.24716759866813,0.0275453135836869
"782",11,3,-4.12937034564679,0.263203703099862
"783",1,5,-3.83604168767628,0.544039944419637
"784",6,2,-6.0719974724972,0.38558715255931
"785",1,4,-2.09810120655838,0.386949254898354
"786",3,4,-3.05442061206288,0.551266114925966
"787",28,7,-4.63824856745351,0.6638285855297
"788",1,5,-5.67866173770435,0.623796229017899
"789",8,6,-4.80124056963453,0.477582450723276
"790",5,5,-3.96018976345936,0.972590391058475
"791",3,4,-2.98394230966725,0.407062669517472
"792",10,6,-4.78992622678905,0.559766074642539
"793",10,5,-6.8802172683806,0.893278730334714
"794",1,4,-3.15438190904888,0.874880461487919
"795",10,8,-5.75076835890533,0.82640517805703
"796",2,4,-4.67379930720602,0.297616501804441
"797",12,5,-3.79064580333983,0.178473325679079
"798",3,3,-4.37443052994318,0.439647110179067
"799",4,8,-4.09319659231859,0.955246800091118
"800",3,5,-4.31470525121045,0.139232773799449
"801",6,5,-2.513351249985,0.594394438900054
"802",7,4,-3.11241194303558,0.554942747578025
"803",23,4,-5.49536124898028,0.389737455639988
"804",8,8,-3.23811996323532,0.679026104742661
"805",10,3,-3.70744363449654,0.0941630445886403
"806",3,3,-4.35505887849883,0.131024247966707
"807",3,6,-4.31954982896985,0.465228362008929
"808",15,0,-3.85373833908275,0.40430820826441
"809",6,5,-4.59066395895751,0.987102291081101
"810",4,5,-3.22935393705439,0.018290369771421
"811",2,4,-3.10009243972851,0.762891727499664
"812",4,5,-2.38163950498947,0.677734421100467
"813",1,5,-3.80365759072781,0.183179765474051
"814",8,4,-5.21220677634969,0.666975271189585
"815",2,5,-4.88273978443806,0.724358746781945
"816",6,4,-2.955704033375,0.467335935449228
"817",5,5,-3.3703924117415,0.732224236940965
"818",2,5,-4.30791976156693,0.646430125460029
"819",1,8,-4.40414787842011,0.951634787255898
"820",1,3,-3.66739381902,0.32575801294297
"821",2,7,-5.53764942947428,0.302885324694216
"822",4,6,-4.45648692254598,0.0252722937148064
"823",7,5,-5.73900595217425,0.459078846964985
"824",6,5,-3.51239669337414,0.355725212953985
"825",2,5,-5.01529541083218,0.538267262512818
"826",1,5,-2.59614019704598,0.702680352842435
"827",2,3,-2.95106823179623,0.285420101834461
"828",2,5,-3.50735794464914,0.14832189376466
"829",1,6,-4.5958113793487,0.941024830099195
"830",2,4,-2.97988970877935,0.71143595315516
"831",8,4,-4.10094737470339,0.411779592512175
"832",1,5,-3.41958938523127,0.0866420157253742
"833",1,4,-6.15603813235632,0.849317870568484
"834",3,7,-5.25328271510068,0.634961006697267
"835",3,5,-4.15455635219571,0.581330753164366
"836",4,3,-4.15523303587208,0.219665150390938
"837",5,8,-6.68044193330648,0.138669577194378
"838",10,5,-1.57466195512833,0.883021207060665
"839",1,1,-2.82461184353382,0.755952657200396
"840",1,4,-4.69346268506856,0.457394634606317
"841",7,4,-1.89594032533158,0.872860077070072
"842",2,3,-3.1910787775154,0.347123210551217
"843",4,2,-3.0319273679165,0.337967627681792
"844",4,5,-2.66515550438932,0.33322039572522
"845",4,3,-3.42903703332245,0.686237866757438
"846",6,5,-4.11634530570579,0.789045475423336
"847",3,5,-4.60468540720336,0.573754092445597
"848",7,5,-5.37330210119055,0.565045670373365
"849",1,4,-5.69394804322361,0.99653529166244
"850",10,6,-3.96676479827878,0.458199802786112
"851",5,4,-3.68330426201249,0.704969084821641
"852",7,3,-3.67903470279811,0.593673818744719
"853",4,2,-2.91316314128207,0.991209883708507
"854",3,2,-4.10979717799991,0.749135139398277
"855",13,4,-3.7570856821,0.463717542588711
"856",5,6,-3.83129407130868,0.252312948461622
"857",7,4,-3.96518317039139,0.0850804690271616
"858",2,3,-4.57067466830559,0.902456735260785
"859",1,4,-5.21025875675189,0.00652063032612205
"860",1,0,-2.30801274707635,0.60661961324513
"861",5,2,-4.66615993865638,0.67451170203276
"862",2,4,-4.86128161623104,0.665122726466507
"863",1,4,-4.80949453242497,0.15949694160372
"864",4,7,-4.33729014413956,0.412587102269754
"865",17,4,-2.46727837295572,0.588578877970576
"866",2,4,-3.81140029504022,0.021639606449753
"867",3,2,-3.86386758660687,0.639199703000486
"868",11,5,-4.74499757469787,0.93821757636033
"869",5,3,-2.46676242294393,0.676195647567511
"870",4,5,-3.76662186232632,0.688152163056657
"871",8,4,-3.30984153853797,0.407773738028482
"872",5,5,-5.4650470147738,0.495708872098476
"873",1,2,-4.143717660785,0.426774802617729
"874",19,4,-3.11015208255781,0.875987556530163
"875",10,6,-6.09280209237388,0.629797824192792
"876",9,6,-6.85350905061601,0.924716013018042
"877",3,11,-3.17434445757838,0.872334654210135
"878",2,2,-4.15969493065484,0.0197692268993706
"879",15,2,-6.63511193146797,0.116969437804073
"880",4,3,-3.41603102281135,0.444393420126289
"881",2,4,-5.90861669500812,0.668294318718836
"882",8,3,-4.68787505376089,0.600716892397031
"883",11,10,-2.23974206501807,0.110134501475841
"884",3,7,-3.19555411791598,0.23961271927692
"885",3,4,-4.81485063177602,0.655314406845719
"886",4,6,-4.09669077129288,0.930293415905908
"887",5,7,-3.22235580394158,0.23524123057723
"888",1,6,-4.73954343409492,0.0358632786665112
"889",3,3,-5.43167405794591,0.864858963061124
"890",4,6,-7.35752281306352,0.175568263279274
"891",11,1,-6.11382189382125,0.719944311538711
"892",8,3,-4.497291747723,0.0844246696215123
"893",1,1,-2.81833818622811,0.283202017191797
"894",6,6,-2.16634418779298,0.397905227262527
"895",3,9,-4.22444548040632,0.539895262336358
"896",2,6,-3.66951807419715,0.335017509758472
"897",8,5,-3.3805750771379,0.0519129631575197
"898",2,3,-1.95076200974637,0.883642104454339
"899",3,5,-2.93130375104891,0.767249865224585
"900",6,4,-4.94956536632033,0.091257328633219
"901",7,7,-3.75698143826528,0.127899427665397
"902",4,5,-4.97721244433142,0.354757658205926
"903",3,5,-0.776145026052697,0.951509560924023
"904",2,4,-3.32805505711815,0.151343713281676
"905",1,6,-5.10424910551145,0.657464439515024
"906",1,4,-3.32734797116435,0.738788343733177
"907",6,4,-2.23951057306575,0.972330783493817
"908",1,3,-3.73405706959377,0.549279226688668
"909",9,6,-3.5787166428428,0.0509679454844445
"910",3,6,-4.6258461137492,0.415793254273012
"911",2,7,-3.55606523575669,0.0902135365176946
"912",1,3,-3.73019382007174,0.968385394429788
"913",2,6,-3.73056860356165,0.832310681696981
"914",2,6,-4.84860281273989,0.428947783540934
"915",2,5,-4.64426444217559,0.75728038023226
"916",3,9,-3.04582978918255,0.0698509474750608
"917",2,4,-1.73792316326359,0.882810369133949
"918",9,5,-4.88198727481774,0.427797988988459
"919",4,5,-1.58216414773214,0.413289588876069
"920",11,3,-4.61134589634908,0.755390550242737
"921",4,5,-5.47227022117917,0.78526061726734
"922",2,7,-2.46481050689036,0.272571101086214
"923",14,5,-2.7949427035297,0.396954263094813
"924",6,7,-1.88023146852148,0.143027127254754
"925",1,4,-4.14998295440097,0.445888124173507
"926",3,5,-5.58376501154375,0.632969418307766
"927",5,6,-5.72184130257409,0.406264649704099
"928",5,6,-2.64742906783131,0.57618315750733
"929",10,8,-4.85629769986871,0.767200744245201
"930",2,4,-3.64508648465785,0.565718298312277
"931",2,5,-3.83588607339201,0.184440318495035
"932",4,5,-1.66235937414438,0.619017033139244
"933",5,5,-3.70151296266008,0.11960042710416
"934",9,6,-5.17615305658895,0.142642678925768
"935",21,5,-2.88507943829114,0.961159611353651
"936",2,7,-4.34201992217386,0.205387321999297
"937",2,2,-3.51975602670559,0.933604893740267
"938",10,5,-3.99567853493404,0.944422776577994
"939",3,2,-3.33451164073245,0.670396262314171
"940",2,3,-4.34551485702246,0.390656256349757
"941",2,3,-4.55663446904272,0.516041960567236
"942",1,2,-4.05658759454613,0.0996660189703107
"943",7,5,-4.31020222705907,0.77991400915198
"944",1,0,-5.21222870400809,0.574302521068603
"945",3,5,-4.8162347001879,0.661680704215541
"946",9,3,-4.0958229444159,0.110796004300937
"947",4,7,-5.74605764650505,0.0315570277161896
"948",1,4,-5.4921343912384,0.901356118731201
"949",4,3,-5.1813062830625,0.210289005422965
"950",14,4,-6.74292536259543,0.00553342350758612
"951",2,6,-4.22719850020352,0.957128295907751
"952",7,1,-4.48724090606892,0.231879954459146
"953",21,10,-3.66552861070808,0.433756848564371
"954",5,4,-2.83163827538355,0.00322180055081844
"955",2,5,-3.39758339651999,0.555741201387718
"956",3,6,-4.8195393540546,0.0232757946942002
"957",14,2,-5.00886897232764,0.581257921876386
"958",2,8,-3.83984778337022,0.0451970410067588
"959",4,2,-3.02671294852742,0.385938742896542
"960",5,4,-5.60748433022319,0.267051235074177
"961",7,2,-5.09703065921563,0.78044388233684
"962",1,4,-2.82145095151042,0.317533249035478
"963",6,4,-3.26088195302256,0.550450243754312
"964",1,3,-6.35704921498112,0.921336392639205
"965",2,6,-3.99837876101987,0.175197750329971
"966",3,2,-3.93427628701485,0.0424534629564732
"967",3,3,-3.47786689565243,0.474597009364516
"968",2,7,-4.12198097687822,0.760665895184502
"969",3,4,-3.30764584867655,0.928304221015424
"970",7,2,-5.55826715590034,0.420752432197332
"971",5,5,-2.37018760756328,0.82461823662743
"972",3,2,-4.6352441964396,0.732294349232689
"973",4,2,-2.60882603260282,0.853393730474636
"974",7,3,-3.47553886771261,0.16389180556871
"975",18,5,-4.58503987032947,0.128997231600806
"976",7,3,-3.29953770001267,0.296415273565799
"977",8,3,-5.00754984966167,0.473086441867054
"978",2,8,-4.56381237599542,0.303724613273516
"979",6,5,-1.84394791089783,0.318452788516879
"980",1,9,-4.23630389834263,0.58055130392313
"981",2,0,-4.65329236418854,0.749633215600625
"982",16,7,-3.82749762489237,0.0991263636387885
"983",16,2,-5.02256683500054,0.422646633116528
"984",5,4,-3.79287964854596,0.0290311032440513
"985",2,3,-3.054797801928,0.639226648723707
"986",2,4,-3.38013571111811,0.979068334214389
"987",5,2,-3.0072741634873,0.680385609390214
"988",3,6,-4.80689898785879,0.861734403064474
"989",1,4,-2.20007929914577,0.808735543163493
"990",5,8,-3.0934022961066,0.481278325198218
"991",3,3,-4.63391117551203,0.00321673997677863
"992",5,5,-2.71673880657341,0.0960112588945776
"993",6,2,-4.22772934667029,0.126778304809704
"994",3,5,-4.06594977744446,0.876096168532968
"995",4,2,-4.59510691371476,0.220117923105136
"996",1,6,-3.84504191818315,0.490819233935326
"997",19,2,-5.27021210785663,0.4714460442774
"998",24,4,-4.43885965596239,0.984455888858065
"999",6,5,-2.73395359446062,0.44798900349997
"1000",10,5,-3.60188278478907,0.486700656358153
"1001",1,5,-2.58974797038153,0.837159328395501
"1002",3,4,-2.56445182759537,0.294267094926909
"1003",3,4,-3.94661939119048,0.815461672376841
"1004",4,5,-4.00622560368855,0.993555434979498
"1005",13,2,-1.13401637891384,0.801232969621196
"1006",2,3,-5.57368467899122,0.222686584340408
"1007",1,2,-5.54627982302857,0.58333549159579
"1008",8,6,-4.40868381350709,0.983142675133422
"1009",4,4,-5.88928035192728,0.625869155628607
"1010",1,8,-2.67121023495075,0.242344525642693
"1011",2,4,-2.50717863855818,0.530585942557082
"1012",1,3,-5.66060507852795,0.121150798397139
"1013",10,1,-4.19269026518586,0.392255438026041
"1014",7,7,-4.13381087239556,0.981308079790324
"1015",12,4,-3.54472535697379,0.219600489828736
"1016",4,6,-2.11120375836361,0.324870608514175
"1017",2,7,-3.71384332559417,0.322950162459165
"1018",5,5,-5.11810133572571,0.568418439710513
"1019",3,6,-2.80703083494612,0.13583444384858
"1020",3,7,-4.66955594041347,0.140656234929338
"1021",14,3,-3.60616671935652,0.0948850498534739
"1022",12,4,-2.94204283115307,0.290806191973388
"1023",9,6,-3.90254100530017,0.743092824472114
"1024",1,5,-3.11686856679598,0.738570664310828
"1025",7,3,-3.22620729843133,0.807520535308868
"1026",1,5,-5.47006373890973,0.774226065957919
"1027",4,3,-5.09708199445662,0.320360802346841
"1028",12,4,-4.64605725756054,0.146313634235412
"1029",1,3,-3.99171002163496,0.226974299876019
"1030",3,1,-4.15816679927126,0.301787505391985
"1031",5,4,-3.26834435836873,0.0432153111323714
"1032",1,5,-2.939845495134,0.0574000359047204
"1033",12,2,-5.23868898898681,0.827925192890689
"1034",2,1,-4.91613803543938,0.672090904554352
"1035",7,4,-4.48182664561253,0.646326049230993
"1036",2,4,-4.08614539908134,0.0977735980413854
"1037",9,8,-4.80741890896437,0.00153824593871832
"1038",5,6,-4.55676988136785,0.98268107464537
"1039",1,7,-4.98609615521346,0.770013832254335
"1040",3,5,-4.05378292238667,0.627985776402056
"1041",1,5,-2.41449035147513,0.672226563328877
"1042",1,6,-3.48990830505741,0.206683948636055
"1043",1,3,-5.2386621239925,0.808524061925709
"1044",2,3,-3.4555400005916,0.998576725833118
"1045",4,3,-3.99007641261006,0.490671943174675
"1046",1,6,-2.94836416963743,0.648637331556529
"1047",2,5,-3.49224885770296,0.768575933063403
"1048",3,2,-3.08420953216748,0.798990155104548
"1049",1,3,-4.86410981749081,0.64194319373928
"1050",1,7,-3.74841056990449,0.527478856965899
"1051",11,3,-4.82444187871819,0.540525750257075
"1052",17,5,-3.74222153381247,0.454223433276638
"1053",2,3,-4.74694096884554,0.401133343344554
"1054",3,4,-3.58435095933943,0.363666580058634
"1055",1,5,-4.45471856766981,0.196148379007354
"1056",5,3,-4.82558551714994,0.422127815661952
"1057",2,2,-4.49163730096288,0.339492232073098
"1058",3,4,-3.46647050006919,0.307037241989747
"1059",8,7,-3.91466795282105,0.869309630943462
"1060",6,5,-3.87238763119944,0.223990127909929
"1061",4,6,-2.02264079393343,0.84648253582418
"1062",1,6,-2.89831469685876,0.743041258305311
"1063",12,4,-5.46202375687466,0.225800666026771
"1064",8,2,-4.3563457316113,0.341621513944119
"1065",17,5,-4.02108112917912,0.235110436100513
"1066",6,4,-4.08377576967293,0.193998039700091
"1067",1,1,-3.01280936917989,0.9844650242012
"1068",1,5,-6.55243454156561,0.858582562766969
"1069",3,5,-4.09103813847755,0.868830047314986
"1070",10,3,-4.3708639696247,0.734425654169172
"1071",3,5,-3.0727188589852,0.355576886096969
"1072",2,5,-4.25256648495498,0.394189362879843
"1073",5,6,-2.76132891884927,0.356092023663223
"1074",1,2,-5.73437258836232,0.997878420399502
"1075",7,3,-3.58418429766509,0.549551985459402
"1076",1,2,-2.6559770373638,0.146455089561641
"1077",9,2,-3.93820259668582,0.140758545370772
"1078",2,5,-2.98441347217116,0.562754467129707
"1079",6,4,-3.58449281198561,0.485511047998443
"1080",4,4,-2.88041364382119,0.68266334454529
"1081",9,2,-3.48429905382806,0.534155254950747
"1082",11,7,-2.27672300011705,0.846434265607968
"1083",10,4,-4.734586966819,0.151781229767948
"1084",1,2,-4.53119676681451,0.119128039106727
"1085",10,4,-4.95652628145351,0.667726776795462
"1086",2,5,-1.94624299918168,0.162357149645686
"1087",4,5,-3.8916294280823,0.368309800047427
"1088",1,2,-4.08182582330805,0.315597497159615
"1089",1,2,-5.38748994983121,0.0860115899704397
"1090",7,4,-3.42087187877909,0.315946538699791
"1091",1,5,-4.07713535684582,0.622868500417098
"1092",3,7,-4.05701722929699,0.932049348717555
"1093",7,4,-4.64879797765235,0.165723482146859
"1094",6,6,-3.6775377882364,0.404598790453747
"1095",1,4,-3.71345809472135,0.676183617906645
"1096",19,3,-1.58417781830659,0.502606422407553
"1097",2,5,-2.47093598320932,0.887139890575781
"1098",3,5,-4.86370338317966,0.312891009496525
"1099",8,3,-5.0867532357256,0.546761565841734
"1100",1,4,-2.51567983153843,0.600973749067634
"1101",11,4,-4.96272513240401,0.819650491466746
"1102",11,3,-3.40596505431171,0.460023637395352
"1103",5,1,-3.91875342900523,0.831208492862061
"1104",5,7,-1.1679112073811,0.452400047099218
"1105",9,4,-5.30110050541069,0.667727212654427
"1106",11,7,-3.57398519487511,0.315746695036069
"1107",10,4,-5.48497888102822,0.0507739910390228
"1108",3,7,-2.09892258283392,0.640350610483438
"1109",5,7,-3.37831594591337,0.828801744617522
"1110",1,6,-5.18157365835403,0.0216215006075799
"1111",8,3,-4.16275035563145,0.142108952393755
"1112",18,7,-3.5822556224234,0.866827253019437
"1113",2,5,-5.33866284494904,0.074212747393176
"1114",1,4,-3.58811541251208,0.0640676161274314
"1115",5,5,-4.80977448812659,0.182577272644266
"1116",6,4,-4.74758976301693,0.369375258684158
"1117",5,4,-4.3555225329668,0.074213569285348
"1118",2,7,-5.5817397586748,0.793186266208068
"1119",2,4,-3.54785379415303,0.403310642344877
"1120",3,6,-3.31105539581564,0.382594076916575
"1121",7,4,-1.82798629943736,0.324638470308855
"1122",5,4,-4.28861647358943,0.496990314917639
"1123",12,5,-3.86925615609601,0.442660486325622
"1124",4,5,-3.81195187870681,0.906548947328702
"1125",8,4,-6.17157013855636,0.243489275919273
"1126",1,6,-5.53576521100357,0.696818287018687
"1127",2,1,-4.03165853320061,0.816246933536604
"1128",4,3,-2.84003658838463,0.183245490537956
"1129",3,5,-3.55257573018186,0.23483933811076
"1130",1,6,-4.69319445476046,0.11865434399806
"1131",12,4,-4.24180364370261,0.318546789698303
"1132",1,3,-1.996898534998,0.582478483440354
"1133",2,4,-3.1625903686439,0.241109342547134
"1134",11,4,-4.16747936675537,0.563736258074641
"1135",6,4,-5.14001518698495,0.56624280102551
"1136",5,5,-2.49481005038241,0.658210095949471
"1137",2,6,-2.40924321785502,0.511911690467969
"1138",6,4,-4.44810392826153,0.302249316591769
"1139",3,3,-4.85331883894527,0.550370981683955
"1140",8,7,-3.9080239989432,0.389786052983254
"1141",1,5,-4.86030068601428,0.024837426841259
"1142",1,3,-4.47737607956324,0.466007043141872
"1143",8,4,-3.42951400770086,0.389207100262865
"1144",3,6,-5.66967977204926,0.49299517692998
"1145",6,5,-3.54055782550004,0.0633392599411309
"1146",5,3,-3.85534975630745,0.902465211926028
"1147",12,7,-2.93359038636504,0.823259969241917
"1148",1,5,-2.9967603389438,0.680302644148469
"1149",6,1,-5.26983060121572,0.756437168456614
"1150",2,4,-4.8220151369581,0.998772631864995
"1151",4,6,-4.3931551668878,0.50424973317422
"1152",4,8,-1.47920220463576,0.517256305553019
"1153",1,4,-4.59345397522774,0.109499590471387
"1154",5,3,-4.61141351633976,0.372497662203386
"1155",2,4,-4.01661304650647,0.81701800506562
"1156",1,5,-3.14022639430836,0.78809532453306
"1157",1,6,-3.9864712043433,0.981788344914094
"1158",14,4,-3.58470038357801,0.737282497575507
"1159",1,5,-3.4639233813335,0.934184650657699
"1160",15,4,-4.58741223262338,0.131987493950874
"1161",3,4,-3.37761659720042,0.303699798183516
"1162",5,5,-4.25468503573371,0.129879371728748
"1163",2,2,-4.22157972216379,0.273681395919994
"1164",1,3,-5.65564990648282,0.675776555901393
"1165",8,3,-4.21053288695335,0.163903787499294
"1166",5,4,-4.94210371029585,0.671451666159555
"1167",3,3,-4.3627862410376,0.859957828652114
"1168",6,2,-5.5896154458707,0.20376932551153
"1169",1,5,-4.78551497483209,0.788693706970662
"1170",7,5,-2.74628815718398,0.905480396002531
"1171",1,4,-4.55884051557027,0.741649548290298
"1172",7,2,-4.5273727980097,0.0677707204595208
"1173",4,3,-4.68438618037462,0.662321880459785
"1174",1,3,-5.53686993089352,0.443186661694199
"1175",1,5,-4.38621716253896,0.202757633291185
"1176",3,4,-4.43609542091159,0.793568048859015
"1177",2,3,-4.23204590504835,0.447874067584053
"1178",17,5,-2.64716753853081,0.0963199695106596
"1179",12,5,-2.98172409561834,0.0366326167713851
"1180",2,4,-2.91203519878428,0.0297898752614856
"1181",5,5,-5.01453119262577,0.44573587924242
"1182",1,6,-3.30048589765219,0.758633179590106
"1183",12,4,-4.7539607447875,0.533167965710163
"1184",3,6,-4.09641700979483,0.75337556283921
"1185",4,3,-4.90484009174384,0.0588889981154352
"1186",6,7,-2.94310330701252,0.22022594185546
"1187",6,6,-3.58563968863543,0.363203113665804
"1188",3,6,-4.0822224451682,0.691178189357743
"1189",2,8,-6.04200902187092,0.322278380626813
"1190",3,4,-3.60281841549067,0.503265840699896
"1191",1,6,-3.91240893862465,0.0296174210961908
"1192",3,5,-5.94682012741168,0.152033993275836
"1193",1,7,-3.67853204106233,0.194821787066758
"1194",1,8,-1.99218568172135,0.483377816155553
"1195",1,5,-4.75029946863287,0.983121604891494
"1196",3,3,-3.4670032702391,0.964516534470022
"1197",15,6,-6.71643208415375,0.519679950084537
"1198",4,7,-3.34064516434432,0.337012067437172
"1199",1,5,-3.98737341697421,0.363488079048693
"1200",4,3,-2.68789540616116,0.171362766530365
"1201",4,8,-2.73051830675699,0.857886899262667
"1202",1,3,-2.91289363216552,0.663796559441835
"1203",2,4,-3.56112549417921,0.783524713711813
"1204",5,5,-5.70277040713762,0.847026602365077
"1205",1,4,-3.19192447633017,0.209316675551236
"1206",4,6,-3.22061740825477,0.950125390198082
"1207",3,5,-6.03872074827051,0.630184560082853
"1208",3,6,-3.65859391768106,0.450775405392051
"1209",2,5,-3.79495807527101,0.959194011287764
"1210",15,5,-4.53860048868282,0.827556929551065
"1211",3,4,-3.45546761393972,0.467530274298042
"1212",5,6,-4.98584730099924,0.102230622665957
"1213",5,4,-4.49622838970499,0.417738780612126
"1214",1,2,-4.0859773535925,0.724781574681401
"1215",3,2,-4.65850319745535,0.31356405117549
"1216",8,6,-6.03359692294098,0.42014326248318
"1217",1,5,-5.09790304964911,0.206426844000816
"1218",1,5,-4.75859803017315,0.887139589060098
"1219",4,5,-4.52470397285528,0.48891021288
"1220",4,3,-3.480824086558,0.459190131397918
"1221",7,5,-4.29461305851262,0.266087576746941
"1222",1,5,-5.45682865184327,0.0944915981963277
"1223",10,6,-3.79700286305267,0.904759562108666
"1224",1,5,-4.3400728205786,0.858793848892674
"1225",2,6,-2.88489395794021,0.0235685964580625
"1226",1,4,-4.6652980766833,0.276805778965354
"1227",2,8,-2.73673463047717,0.755687227705494
"1228",2,5,-2.60940539347413,0.056772289564833
"1229",5,7,-5.1812321976714,0.36427150061354
"1230",3,3,-4.46420252818557,0.255276860203594
"1231",16,2,-4.34067450363837,0.731505858944729
"1232",9,4,-4.83949807564457,0.287820299621671
"1233",2,6,-3.62805701929322,0.171256487956271
"1234",5,5,-5.23215125519397,0.273894095793366
"1235",3,3,-2.76131192184469,0.254656137432903
"1236",7,7,-3.84780154887888,0.266791782109067
"1237",11,5,-4.14028801392673,0.0636383800301701
"1238",1,4,-3.7561135862529,0.729729007463902
"1239",8,1,-3.45402742060259,0.1186242045369
"1240",2,5,-3.33000342662217,0.893715607235208
"1241",3,2,-6.24460138208228,0.336647066054866
"1242",2,2,-6.29455418164333,0.680083054350689
"1243",1,6,-3.31951176654045,0.426304066088051
"1244",1,4,-2.98453936210003,0.687143887393177
"1245",9,4,-5.07592256552266,0.408798218937591
"1246",3,3,-5.06006882315274,0.19514352758415
"1247",2,9,-3.2765231933836,0.567801870871335
"1248",1,5,-3.22075942202868,0.883991232141852
"1249",4,5,-2.84628777836181,0.567436328856274
"1250",3,1,-4.24171275014876,0.57198953605257
"1251",6,4,-3.53490629501576,0.01696602627635
"1252",2,5,-6.30359019797071,0.976560679730028
"1253",12,4,-5.18516902426018,0.495151452254504
"1254",3,6,-3.87139027095818,0.0688304912764579
"1255",1,4,-3.13760512174025,0.787812794791535
"1256",5,3,-3.22132601590268,0.718468063278124
"1257",2,7,-5.0544559251553,0.0519607216119766
"1258",2,4,-5.37282706100026,0.609332524240017
"1259",12,3,-4.23164434260035,0.717347208410501
"1260",2,7,-4.09525126338351,0.715424289694056
"1261",9,9,-4.65568440603125,0.54473089100793
"1262",1,2,-2.96671502141277,0.531871702522039
"1263",1,4,-4.9346854440772,0.183581523830071
"1264",4,5,-2.75909605486877,0.948524582432583
"1265",7,4,-3.70866552312377,0.574070716276765
"1266",1,6,-2.93305977618001,0.408885897602886
"1267",1,2,-3.86723832153948,0.358413435751572
"1268",1,6,-5.07778454368881,0.755887587787583
"1269",2,3,-2.9485922821077,0.464338145917282
"1270",5,6,-5.95800450380782,0.287534645060077
"1271",19,5,-4.27534338854919,0.840421950211748
"1272",1,7,-3.16095734048077,0.721672027837485
"1273",2,11,-4.95545268286167,0.161891781026497
"1274",7,5,-4.36989499792689,0.471729211742058
"1275",2,4,-4.91878967422449,0.357210228452459
"1276",3,4,-3.33150271584601,0.572319072438404
"1277",5,6,-4.86810981294625,0.454375322908163
"1278",1,5,-2.27674900795438,0.266720263287425
"1279",5,4,-4.45421161039823,0.727791141485795
"1280",4,1,-3.5998783418643,0.69364839233458
"1281",2,5,-2.58943513457418,0.967753858072683
"1282",1,3,-4.02978328933593,0.0319569760467857
"1283",16,1,-3.98301826865153,0.516256524715573
"1284",1,3,-2.80701446941306,0.883696897886694
"1285",3,2,-4.10391538964761,0.323150682030246
"1286",3,3,-3.14030952507978,0.823176506673917
"1287",4,2,-4.57012402319351,0.0740059318486601
"1288",4,4,-3.50706577562649,0.842207871144637
"1289",4,5,-5.09184397057469,0.77361449948512
"1290",16,4,-1.75066086168796,0.431100528454408
"1291",6,2,-5.70414267717969,0.0164442281238735
"1292",24,5,-3.88724355885294,0.721836607670411
"1293",4,6,-3.86995491757175,0.307245699223131
"1294",4,3,-1.47360140083915,0.465901994612068
"1295",8,6,-3.2814812128048,0.317586349789053
"1296",4,8,-3.74498876201721,0.0858181815128774
"1297",3,7,-3.99316405955346,0.338840185198933
"1298",9,3,-3.48882358227379,0.716949444729835
"1299",5,4,-3.21441810851425,0.373664675978944
"1300",7,6,-4.92962856051926,0.0867339633405208
"1301",7,4,-3.64039810126278,0.914857775438577
"1302",6,6,-5.39513261525501,0.585433088243008
"1303",3,2,-1.98949667070738,0.656155135249719
"1304",2,4,-5.95224416920226,0.857104849535972
"1305",10,2,-4.80205849209938,0.799871184630319
"1306",5,5,-3.11534397542103,0.101635763654485
"1307",8,6,-4.17409169920718,0.161788908299059
"1308",1,8,-2.68945612382881,0.484088885597885
"1309",9,5,-3.25653319727737,0.349827148253098
"1310",11,7,-3.65893517679796,0.352347312495112
"1311",12,8,-2.29523812203839,0.87761074048467
"1312",2,5,-4.45367877668931,0.250069591216743
"1313",1,5,-4.83243982177029,0.593944880180061
"1314",25,5,-3.46161915810069,0.414896480273455
"1315",3,8,-2.96657825010807,0.931200780207291
"1316",2,6,-4.29616077752685,0.0101832454092801
"1317",2,4,-3.89705605065003,0.510701548773795
"1318",2,4,-4.38881351310103,0.430148486979306
"1319",2,2,-3.77968322726708,0.584988694870844
"1320",2,4,-4.43016491602768,0.541719011729583
"1321",8,3,-4.30405982185785,0.540507052792236
"1322",5,7,-4.72889929640939,0.159809921169654
"1323",7,3,-4.93587827696484,0.415971742244437
"1324",5,5,-5.58399511447768,0.567409593611956
"1325",5,7,-2.74044451866961,0.702932291198522
"1326",10,9,-2.16407561976961,0.760044467635453
"1327",2,5,-4.81112775428065,0.256795270601287
"1328",3,7,-4.01663924319117,0.268637390807271
"1329",5,6,-4.7958745933064,0.895683294162154
"1330",6,1,-5.82633976025166,0.241896799299866
"1331",1,3,-4.65563974359607,0.0181397744454443
"1332",3,2,-3.19340190007161,0.989731606096029
"1333",2,4,-1.96865102635298,0.649230375653133
"1334",3,4,-4.28033317598005,0.546968040987849
"1335",2,2,-2.94494648263302,0.272216245299205
"1336",3,3,-1.99453783178965,0.336633924627677
"1337",7,6,-5.30031023683873,0.315230128122494
"1338",1,5,-2.94445519995684,0.697882682317868
"1339",1,5,-4.38352460836699,0.856951574794948
"1340",10,2,-4.28523594732749,0.784963063895702
"1341",8,4,-3.55939216417811,0.714307121001184
"1342",12,3,-3.21241699116254,0.129829682875425
"1343",11,2,-5.30836166905948,0.529275230364874
"1344",5,3,-3.44564001478099,0.921535190427676
"1345",8,6,-4.56177317191863,0.829097145935521
"1346",7,4,-3.83784048517736,0.43404602073133
"1347",7,3,-5.32714228657341,0.710430430714041
"1348",3,8,-6.51923480061423,0.0201085701119155
"1349",29,2,-3.63254774276104,0.00290703983046114
"1350",5,5,-5.37171548405319,0.610332535579801
"1351",4,5,-3.231356595722,0.0505030977074057
"1352",5,6,-3.30986205270545,0.756528260186314
"1353",15,3,-3.17295929415579,0.505210088100284
"1354",1,6,-4.22985845364626,0.463923616334796
"1355",5,3,-4.48544838785396,0.414003833429888
"1356",3,4,-2.80944313691177,0.440131099661812
"1357",8,7,-3.21490549434406,0.808633126784116
"1358",1,1,-3.7324276874759,0.143683034693822
"1359",7,1,-4.39659174897178,0.884648481151089
"1360",7,5,-1.84037569068158,0.681053840555251
"1361",2,6,-5.03394710464433,0.24659195705317
"1362",1,2,-3.95625584591661,0.493326278403401
"1363",1,5,-2.49704786560666,0.399585857521743
"1364",3,2,-3.48568061470786,0.892714468063787
"1365",3,4,-4.44673985606689,0.631189225707203
"1366",1,5,-2.98897003447306,0.433041793992743
"1367",2,3,-3.04783356066038,0.360782432137057
"1368",12,8,-4.35285305442713,0.663931514602154
"1369",9,4,-2.0986779661618,0.350796116981655
"1370",4,3,-4.80855874989902,0.524690171703696
"1371",1,3,-3.27273804077782,0.407825759146363
"1372",2,2,-4.66244004820354,0.541702256305143
"1373",2,6,-5.7892768005208,0.134668780025095
"1374",2,4,-3.70501509029297,0.663803585106507
"1375",7,5,-5.47266483319984,0.630419789813459
"1376",22,5,-4.46662835215232,0.39864215371199
"1377",5,2,-4.9329543079763,0.394751622341573
"1378",6,3,-2.14344441290812,0.245087563060224
"1379",2,6,-3.83478534073813,0.253443741938099
"1380",2,5,-4.18227819601398,0.384999081725255
"1381",1,5,-2.22325671244254,0.829550743103027
"1382",1,4,-5.00172673600464,0.33327096933499
"1383",17,3,-3.24594833472091,0.684000612003729
"1384",6,2,-6.22515564224292,0.649052972672507
"1385",8,5,-2.97273546715019,0.752317525446415
"1386",2,5,-3.24210628500971,0.521142323035747
"1387",6,8,-5.02841860075953,0.410247412044555
"1388",5,7,-3.50721555349407,0.427241864614189
"1389",3,6,-2.06616059780022,0.848188832402229
"1390",9,5,-2.15380619076081,0.906823815079406
"1391",15,4,-5.07247329410023,0.0367744597606361
"1392",2,6,-4.66036214512749,0.135571406921372
"1393",3,4,-2.72885361702502,0.281574661144987
"1394",2,4,-5.08559585940799,0.913280382519588
"1395",2,6,-3.28496686976647,0.790723591577262
"1396",3,6,-3.80835969382723,0.19384653493762
"1397",12,3,-4.07731595600177,0.066871271468699
"1398",3,3,-2.67426937046646,0.568883571308106
"1399",6,4,-3.22000816162334,0.848626919323578
"1400",3,4,-4.11735760173434,0.0475225455593318
"1401",10,7,-3.65331506917137,0.474177150288597
"1402",6,6,-2.92088764081979,0.515839727129787
"1403",2,3,-2.90428922913228,0.604677730239928
"1404",4,6,-4.36338150675286,0.883217330323532
"1405",9,4,-2.33508096772029,0.412434170953929
"1406",7,3,-4.79489238777013,0.596586106345057
"1407",3,8,-4.29108762987326,0.927619280992076
"1408",9,5,-4.72784668844363,0.029072493314743
"1409",2,8,-4.5172455872658,0.233785894466564
"1410",3,4,-3.80286507056819,0.492459376109764
"1411",5,6,-5.12626151584047,0.0234448572155088
"1412",3,3,-3.94952513841414,0.948435363825411
"1413",2,2,-2.54314594104272,0.57122864597477
"1414",4,4,-4.18328073548103,0.18640275998041
"1415",12,6,-4.93212859289275,0.527844859287143
"1416",3,6,-3.83877604454453,0.567965766415
"1417",7,3,-4.03583199387605,0.145256246905774
"1418",5,4,-4.77657826042982,0.853021159768104
"1419",10,8,-4.86275603974735,0.721287424908951
"1420",5,3,-3.64992264935962,0.171469527762383
"1421",9,1,-3.67548138518697,0.623815494123846
"1422",2,5,-5.15899192459945,0.688758539035916
"1423",1,5,-3.49019894821248,0.0308786153327674
"1424",1,4,-3.15991773100049,0.181287901476026
"1425",1,3,-4.8253926927111,0.810129054822028
"1426",17,4,-4.30814059477997,0.368665334768593
"1427",6,4,-4.27144392057524,0.660447131609544
"1428",2,4,-4.27263996704209,0.786313943099231
"1429",6,2,-4.2491030115523,0.294029063777998
"1430",3,7,-2.40106862118595,0.195832217577845
"1431",7,6,-3.32883571563841,0.593467351282015
"1432",12,6,-4.62907166817956,0.531406077090651
"1433",16,3,-3.80531053976139,0.526430997764692
"1434",2,3,-4.45859671690404,0.647053696447983
"1435",2,5,-4.22997876686207,0.648045256501064
"1436",11,6,-5.09917472996475,0.76821872824803
"1437",3,4,-4.03002602622344,0.476256972644478
"1438",2,3,-4.99859222906716,0.244240871397778
"1439",2,4,-3.27986467555137,0.972267584875226
"1440",4,5,-5.10478440949095,0.949831720208749
"1441",4,8,-5.30974860799112,0.514917415566742
"1442",5,1,-4.29414041462153,0.241083109052852
"1443",6,7,-3.97841758718291,0.177116969833151
"1444",2,6,-3.09497090253328,0.0618015681393445
"1445",2,4,-5.54678026319686,0.0703673744574189
"1446",4,4,-6.09646991826436,0.866377980681136
"1447",1,5,-5.44074162915625,0.243776585906744
"1448",15,7,-4.70598039718542,0.640727990539744
"1449",9,4,-3.14560723530918,0.256570536177605
"1450",2,7,-4.75265845536327,0.454137682681903
"1451",8,5,-5.49038048602392,0.325290131382644
"1452",5,2,-3.73024683872647,0.855871085543185
"1453",5,3,-3.04468666979454,0.227065176703036
"1454",1,4,-5.76176451649261,0.658852480119094
"1455",2,2,-3.16218212508606,0.640848431736231
"1456",3,7,-3.79824804748827,0.464457246940583
"1457",1,5,-3.86105460178004,0.697260570945218
"1458",1,5,-4.40395628817176,0.133997174212709
"1459",6,5,-3.88124071543388,0.636599846649915
"1460",8,7,-4.27708123378161,0.187724391929805
"1461",2,4,-4.34988263532396,0.0634137995075434
"1462",4,5,-3.47673018471759,0.47734867525287
"1463",1,4,-3.81543582002199,0.780293877702206
"1464",1,3,-4.73797934182285,0.331025985535234
"1465",7,2,-4.00105804874108,0.0723078369628638
"1466",1,7,-3.81299952170752,0.430722024757415
"1467",6,5,-4.65137820128247,0.757180182496086
"1468",4,5,-5.2481100328581,0.588890856364742
"1469",1,4,-4.35611865793198,0.405114781111479
"1470",4,4,-2.24005616104737,0.613207111367956
"1471",3,6,-3.26739909333654,0.432431476190686
"1472",2,7,-5.81969553439131,0.570312050869688
"1473",6,5,-4.07134074863419,0.254356076475233
"1474",3,5,-4.74881264749588,0.0828828334342688
"1475",6,9,-4.50337841538235,0.964653935981914
"1476",3,3,-4.61858598266963,0.200319393305108
"1477",3,3,-2.23940268670189,0.553982522338629
"1478",5,10,-2.42368284525991,0.282421542564407
"1479",15,4,-4.33778940467322,0.803438787581399
"1480",2,6,-3.57305290534723,0.152480046031997
"1481",1,4,-5.0088959321875,0.758581411791965
"1482",4,4,-4.76584252873168,0.946981813525781
"1483",1,8,-3.96425346785995,0.0174038051627576
"1484",3,5,-4.86038458752244,0.667567728785798
"1485",3,7,-2.81321120760356,0.850544065935537
"1486",2,5,-2.17619481063396,0.291987808654085
"1487",3,2,-2.83979264803151,0.889810564927757
"1488",7,3,-3.46961754727002,0.853688447037712
"1489",4,8,-3.53578474886435,0.61270677158609
"1490",12,6,-3.78215578297463,0.579633044777438
"1491",8,3,-4.7008084398994,0.679336418164894
"1492",3,3,-4.76451619454467,0.642454468877986
"1493",5,4,-1.93175126755424,0.0435751730110496
"1494",1,2,-3.03040664223855,0.587854207959026
"1495",9,3,-4.47383500880516,0.0727567754220217
"1496",1,4,-2.86960587973754,0.917149022454396
"1497",5,5,-2.02397421460341,0.650602358626202
"1498",4,3,-2.73843941071181,0.464431350352243
"1499",1,1,-3.51980089841402,0.210177674191073
"1500",1,3,-2.81437218869286,0.0819678488187492
"1501",1,4,-4.42556817807951,0.248309025773779
"1502",11,2,-5.11698464919621,0.914776973892003
"1503",14,4,-3.94433494364796,0.0502122810576111
"1504",3,5,-2.37344959161167,0.396463140379637
"1505",2,5,-4.63073369569562,0.0815178025513887
"1506",2,7,-4.32067937853712,0.168043258832768
"1507",6,11,-3.72128887431933,0.819702779641375
"1508",13,2,-4.38717151538141,0.443806874100119
"1509",12,5,-3.78100399995788,0.58785204635933
"1510",4,5,-3.92674563935126,0.0394300904590636
"1511",6,4,-4.75854672410359,0.911930695408955
"1512",5,6,-5.23312593790329,0.689159700181335
"1513",1,3,-3.06431642407292,0.41609886335209
"1514",1,4,-3.97700748292064,0.81860486860387
"1515",6,5,-0.912096005292649,0.990549273556098
"1516",6,3,-5.03580220334855,0.935295399045572
"1517",1,6,-4.28070192783511,0.692005557473749
"1518",1,3,-1.95028274754792,0.596562490565702
"1519",17,4,-2.86735415892629,0.687421557726339
"1520",3,4,-5.21155940730517,0.321530248504132
"1521",6,3,-3.29900085381846,0.794270193204284
"1522",4,1,-3.82763007390655,0.484087661840022
"1523",5,4,-4.070390908107,0.628639976028353
"1524",3,3,-2.88402881243467,0.239823033334687
"1525",2,3,-3.2068704812026,0.87938739429228
"1526",8,5,-3.27254145194506,0.0286914729513228
"1527",4,3,-5.16513621464079,0.766417097300291
"1528",4,2,-4.00778567321793,0.516633578343317
"1529",13,10,-3.90568426052589,0.73782881652005
"1530",2,5,-5.08429762282579,0.883763796882704
"1531",1,6,-3.80478106632371,0.617648574523628
"1532",3,4,-3.95331209258071,0.331093725049868
"1533",5,4,-2.18101450751842,0.720448015257716
"1534",6,3,-3.06267872120328,0.104451123392209
"1535",7,5,-5.39760033864332,0.126854398055002
"1536",3,4,-4.89914692141097,0.430528833298013
"1537",1,8,-4.36607681781663,0.0584139947313815
"1538",15,4,-3.87352293515829,0.461689669638872
"1539",5,7,-4.18536197939648,0.383271292317659
"1540",1,5,-4.17139351354686,0.498122541699558
"1541",1,3,-4.62857937636734,0.442074296763167
"1542",3,9,-2.98634038436354,0.0577962156385183
"1543",2,3,-3.52995980232833,0.455775844166055
"1544",4,5,-5.0727795030529,0.847454700153321
"1545",6,7,-4.21758769533687,0.972217416157946
"1546",4,4,-1.54135746086469,0.503026895225048
"1547",2,3,-3.67495558578481,0.121095363516361
"1548",1,3,-3.42426354306442,0.312398629961535
"1549",3,2,-3.31812605966461,0.541237037163228
"1550",3,4,-2.59020287732532,0.324410379165784
"1551",2,5,-4.10603867206523,0.148833191720769
"1552",2,7,-2.89309886193479,0.151562462328002
"1553",5,6,-3.27461926558125,0.0309086770284921
"1554",9,3,-5.86722134016262,0.558816875796765
"1555",2,6,-2.05705868964954,0.790136171504855
"1556",7,5,-3.64600063845997,0.240945313125849
"1557",2,5,-3.9620863411661,0.0697520074900239
"1558",2,2,-4.93807099668526,0.147007083287463
"1559",6,1,-4.51896216306017,0.964862177381292
"1560",1,5,-4.60608525736737,0.842211570823565
"1561",10,6,-3.65035504725026,0.756668178830296
"1562",8,5,-3.29967293051257,0.0340706696733832
"1563",2,2,-3.22905515641021,0.210483914241195
"1564",2,5,-1.43835614612369,0.845053745666519
"1565",1,4,-3.66900739985417,0.979044551029801
"1566",2,2,-4.74549524578469,0.0429288821760565
"1567",1,2,-3.81155457016532,0.749185610795394
"1568",5,6,-3.875873981511,0.546452420996502
"1569",6,3,-5.01636752176275,0.550122128333896
"1570",8,4,-3.35100499983984,0.863561767153442
"1571",5,3,-2.30616395815729,0.281916088890284
"1572",12,5,-4.13303396041209,0.697738600894809
"1573",3,3,-3.72073716850476,0.461910029407591
"1574",4,6,-2.97216217833156,0.701057036407292
"1575",3,1,-4.77330480184244,0.886300443671644
"1576",1,2,-5.3591508455598,0.596316651906818
"1577",2,8,-3.32098361098232,0.984067926881835
"1578",4,2,-3.95251178476592,0.167422192171216
"1579",5,5,-3.53842705166165,0.436619566287845
"1580",3,3,-3.73447950313487,0.02171700890176
"1581",4,1,-3.81522417356331,0.786689434200525
"1582",13,5,-3.88885653903935,0.35042046289891
"1583",7,3,-5.28884750033071,0.585707362275571
"1584",6,3,-4.01771681569116,0.407078048447147
"1585",3,4,-4.57397499905089,0.131774141453207
"1586",6,8,-4.26932768729117,0.186475573340431
"1587",5,7,-2.12078869656365,0.00110464403405786
"1588",5,5,-5.3291953628476,0.646954898489639
"1589",9,4,-2.37745669900911,0.282985953614116
"1590",10,6,-2.64527572014253,0.541942638810724
"1591",6,6,-2.93505276015123,0.106459479080513
"1592",12,5,-4.0189824276804,0.916995825711638
"1593",5,3,-2.03298834007219,0.609245530795306
"1594",1,5,-4.84036477021214,0.163112783106044
"1595",3,9,-3.44176718310842,0.109353768639267
"1596",5,5,-3.4250961694127,0.0414769500494003
"1597",2,8,-4.16534725043686,0.536751293111593
"1598",1,2,-4.62077316930848,0.618865511612967
"1599",6,5,-4.88410975412933,0.383438592078164
"1600",3,4,-4.38014978737111,0.0228882653173059
"1601",9,5,-2.4869400747302,0.740559933707118
"1602",3,3,-3.92821032840174,0.881756788352504
"1603",3,3,-5.31138980778914,0.114930015755817
"1604",3,7,-5.74872983068946,0.709961884655058
"1605",2,5,-3.8275427423697,0.105124893598258
"1606",1,5,-1.9149976515046,0.0393255806993693
"1607",4,3,-3.4051403484673,0.259045654209331
"1608",1,5,-3.62452104292526,0.926926449872553
"1609",4,3,-4.25094834113491,0.670046555809677
"1610",1,2,-5.54345071384588,0.883962976047769
"1611",1,5,-3.27175852715613,0.658280262956396
"1612",2,6,-4.49994787189646,0.906498953467235
"1613",7,5,-3.77337348732172,0.606440149480477
"1614",8,5,-4.04829305877115,0.312635513721034
"1615",1,3,-4.18613001085363,0.937128769699484
"1616",4,4,-4.02688039307784,0.313352179015055
"1617",4,8,-4.02992154439525,0.929897690890357
"1618",4,4,-5.44686983606729,0.580874473787844
"1619",1,3,-4.64101891092566,0.407733841566369
"1620",2,2,-3.96643585663857,0.770513949450105
"1621",13,4,-3.92736747601457,0.22127446741797
"1622",1,5,-3.51041822008177,0.50234111933969
"1623",5,4,-5.01733983765184,0.116329808486626
"1624",2,3,-3.46099630142415,0.206708798883483
"1625",2,5,-4.04966163677711,0.97519554826431
"1626",11,4,-4.64271657301272,0.929225025931373
"1627",3,0,-2.35907464286514,0.867376293055713
"1628",1,2,-3.80251477232997,0.05856689857319
"1629",8,4,-4.70452804130429,0.491088154260069
"1630",9,5,-5.33401754745539,0.672330596717075
"1631",1,2,-4.01495214814773,0.6409109425731
"1632",4,3,-3.74089732658417,0.276397972833365
"1633",8,5,-1.20733275023021,0.243149634217843
"1634",15,1,-4.50658747832446,0.0377540346235037
"1635",4,5,-2.12358735635055,0.202676073182374
"1636",2,4,-4.10436993910579,0.517696731723845
"1637",7,5,-4.84653939633908,0.471152807818726
"1638",1,5,-3.31821386428306,0.526104327524081
"1639",3,4,-5.68370696995009,0.169458232820034
"1640",6,3,-2.67173272198344,0.176196329994127
"1641",1,3,-5.21465596537835,0.823577778181061
"1642",6,7,-4.29333568757616,0.951892483048141
"1643",2,5,-3.39639688362027,0.134462802438065
"1644",13,4,-5.08470718425875,0.800384777830914
"1645",8,4,-5.48089582509504,0.253414914943278
"1646",1,5,-5.75432689424475,0.811160069424659
"1647",11,7,-2.8230066498623,0.692741422448307
"1648",8,5,-4.37833756741149,0.98737761634402
"1649",1,2,-4.73195943778456,0.865179112879559
"1650",5,2,-4.92518872760478,0.060093779116869
"1651",1,3,-6.08029268330264,0.532860475825146
"1652",5,6,-3.84145456094854,0.845704786712304
"1653",1,4,-4.28692670036506,0.690459475386888
"1654",1,7,-3.44388816258543,0.761508750962093
"1655",9,5,-4.34177951197043,0.0704711957369
"1656",3,4,-2.27873421969292,0.691475227940828
"1657",1,1,-4.98669224351376,0.15582220396027
"1658",5,6,-4.43424934135644,0.133530055405572
"1659",3,5,-3.32134265488048,0.0153583181090653
"1660",11,4,-4.68369124063665,0.265896934783086
"1661",2,7,-4.54786479789029,0.300277072703466
"1662",1,2,-4.30742362752245,0.528176777996123
"1663",1,3,-5.3169641816126,0.397115365136415
"1664",4,3,-3.70846283431268,0.568194884806871
"1665",2,6,-3.16188161392653,0.748692949535325
"1666",1,3,-4.2911374948572,0.292245446005836
"1667",1,2,-3.67713302128951,0.066049127606675
"1668",7,4,-4.43290978355023,0.670443959068507
"1669",5,9,-3.44606007573204,0.0433751433156431
"1670",9,4,-5.80523618416753,0.523285318398848
"1671",1,6,-3.26154740397609,0.0117061636410654
"1672",17,4,-3.77063339505173,0.0749199856072664
"1673",6,2,-3.02643714588674,0.216992096509784
"1674",8,2,-5.55305348423953,0.691632028436288
"1675",14,7,-2.77754375791346,0.67798565630801
"1676",7,3,-5.12097324247249,0.24735649372451
"1677",1,3,-3.86252735543037,0.676434785593301
"1678",9,6,-4.14973864769194,0.408544672420248
"1679",5,7,-3.17293900771124,0.0788184299599379
"1680",4,5,-3.66449376345688,0.149473641533405
"1681",2,8,-4.89582467859611,0.0613805851899087
"1682",7,5,-2.66939901796086,0.497217739699408
"1683",1,6,-4.44260698977094,0.562284710351378
"1684",4,6,-3.12595270826581,0.149077750742435
"1685",9,4,-4.21286529787358,0.805459953844547
"1686",2,4,-3.72018010166471,0.659275267506018
"1687",6,3,-4.61558449956148,0.444605267141014
"1688",3,4,-5.82033669150497,0.561571952654049
"1689",2,5,-3.6082127482028,0.304025269811973
"1690",2,4,-2.4853060979175,0.0768991219811141
"1691",1,4,-2.60908379302891,0.672147216740996
"1692",2,1,-2.5237815058266,0.374039441114291
"1693",4,5,-3.46554051632801,0.726277593523264
"1694",6,5,-4.27713190813498,0.687590584158897
"1695",4,3,-4.70405256830981,0.887700794264674
"1696",7,6,-5.03620416226587,0.691569731803611
"1697",2,9,-4.47415316711973,0.965353679843247
"1698",3,7,-3.99686837063644,0.222738703712821
"1699",1,3,-4.53377059129247,0.601628301199526
"1700",2,5,-3.99584981056876,0.312971476698294
"1701",4,5,-2.63486800670402,0.845586933894083
"1702",4,9,-4.53958009725478,0.883654900128022
"1703",3,5,-4.9511325769802,0.031983737135306
"1704",11,4,-4.32904445113567,0.840628486359492
"1705",12,7,-4.37012461673262,0.974963668268174
"1706",2,4,-3.11048688481279,0.923581487266347
"1707",10,5,-3.98024902809522,0.815199329517782
"1708",6,3,-3.94490990148486,0.20936960959807
"1709",8,4,-4.4082537182041,0.679481603438035
"1710",4,5,-3.96438031189082,0.717437026789412
"1711",1,3,-2.37611115637605,0.927122201770544
"1712",9,6,-3.26860168749482,0.806706205243245
"1713",14,5,-2.78889405312541,0.447233291110024
"1714",13,2,-1.77805174141274,0.425310517894104
"1715",14,2,-3.69053989671964,0.648263352224603
"1716",2,3,-2.92867145807594,0.392741533927619
"1717",3,6,-4.48284572033131,0.198928372003138
"1718",1,6,-4.76645536253925,0.174876447767019
"1719",1,5,-2.54889259463257,0.113579159602523
"1720",2,6,-3.35504744773131,0.892940836958587
"1721",5,1,-4.67422356373325,0.00251378631219268
"1722",1,9,-4.50139742247938,0.562192094512284
"1723",2,6,-1.83564522168808,0.486680431989953
"1724",18,7,-4.52292568560909,0.76513613620773
"1725",1,4,-3.85397529844526,0.440090510528535
"1726",3,8,-3.94837185829796,0.112495730631053
"1727",4,4,-3.74535009453824,0.499247732339427
"1728",16,5,-2.89537335104118,0.316636235220358
"1729",1,7,-3.62059091868071,0.675270427251235
"1730",5,6,-2.21302499542847,0.0207556888926774
"1731",1,8,-4.65909153436441,0.744668661151081
"1732",1,3,-4.6097577563363,0.139235589420423
"1733",22,4,-5.86580645555558,0.509991002269089
"1734",3,6,-5.64576258946598,0.512094977544621
"1735",1,4,-4.50167435097905,0.0177915752865374
"1736",1,2,-3.29922196674023,0.943930510198697
"1737",6,5,-4.06171946983697,0.221359859686345
"1738",1,3,-4.97939090962417,0.862746146740392
"1739",2,5,-4.91020063037478,0.874045385513455
"1740",3,4,-3.6760497160519,0.0490864317398518
"1741",5,2,-3.58397987790566,0.831183824222535
"1742",5,4,-5.73824261486953,0.804544116603211
"1743",1,5,-1.44869739786392,0.726087051443756
"1744",6,7,-4.85056866051963,0.712261904962361
"1745",11,5,-1.8413948866358,0.231257076840848
"1746",1,3,-3.20007753203202,0.246346232481301
"1747",1,7,-3.26651304785288,0.909079796867445
"1748",2,6,-2.37014306355065,0.850431758211926
"1749",7,5,-4.12257723991645,0.393958188593388
"1750",19,3,-5.39591090758757,0.132303671212867
"1751",12,4,-4.77376021740842,0.0776004930958152
"1752",10,4,-4.66063452862299,0.57795958314091
"1753",4,2,-4.16984571328267,0.35969915241003
"1754",3,3,-2.25783108317339,0.942489771405235
"1755",1,3,-3.90287160942288,0.925012829015031
"1756",1,6,-5.87561763846645,0.239322951994836
"1757",1,3,-5.05567379105973,0.293214739998803
"1758",14,4,-4.73563752369547,0.213796650525182
"1759",2,5,-3.41347735452263,0.462404477642849
"1760",11,5,-3.04983412069139,0.878602647222579
"1761",5,1,-4.89520747489868,0.732968365540728
"1762",7,5,-4.38741084785282,0.286925112595782
"1763",5,3,-4.55571388728848,0.375602832296863
"1764",2,4,-4.2927188440174,0.182201123796403
"1765",2,2,-3.60573155698092,0.862522898707539
"1766",3,3,-4.86700975066998,0.314429838210344
"1767",5,7,-3.51542789282279,0.201483957236633
"1768",11,4,-2.98285697304111,0.34522152482532
"1769",8,5,-3.9022948451946,0.0508722616359591
"1770",6,3,-1.93632807307222,0.00135478610172868
"1771",14,5,-4.77504779381099,0.85192334279418
"1772",8,7,-5.18922668724234,0.0172740360721946
"1773",8,4,-3.80715173548152,0.6791306596715
"1774",3,2,-3.44576278858325,0.916972357546911
"1775",3,7,-2.17502458492733,0.39841265627183
"1776",8,4,-6.30318275924085,0.199323181994259
"1777",2,4,-3.39652463326967,0.877889215014875
"1778",3,8,-4.42194738093483,0.267700270749629
"1779",3,3,-5.00582529288827,0.594423515256494
"1780",1,5,-2.99289638372598,0.39466566615738
"1781",1,4,-4.50890519813344,0.254237726563588
"1782",3,2,-5.15884820734357,0.167017037048936
"1783",2,6,-3.91673218597986,0.870738239958882
"1784",4,1,-2.61262174880861,0.85490061622113
"1785",1,5,-3.00649636427393,0.432099453173578
"1786",9,4,-4.04582365181794,0.776751101948321
"1787",2,5,-3.44877295936215,0.741389516275376
"1788",3,5,-5.21269870996801,0.897251512156799
"1789",2,6,-2.98654581233148,0.97839830769226
"1790",22,7,-5.38965109992275,0.530079076765105
"1791",8,6,-3.00886255091526,0.0540005799848586
"1792",1,4,-4.37491583120225,0.886877750512213
"1793",2,1,-3.25516214741477,0.303970267530531
"1794",2,1,-5.06422761137769,0.589168414939195
"1795",6,1,-3.99271483211,0.186856880085543
"1796",11,6,-3.56066244295204,0.261907935375348
"1797",9,4,-4.68151127992629,0.182037482270971
"1798",1,4,-4.71146510974325,0.989006177755073
"1799",6,5,-5.59480595095371,0.688199143391103
"1800",1,5,-3.59131265669764,0.690797467250377
"1801",1,2,-4.06238454214629,0.640325094340369
"1802",9,6,-2.85511195829588,0.152739528566599
"1803",3,4,-3.68664017543371,0.305991538800299
"1804",7,4,-3.92495314688115,0.384122024988756
"1805",1,6,-4.43163160636479,0.970407003071159
"1806",1,4,-4.33200628464558,0.00928900693543255
"1807",2,6,-4.34348100023145,0.301765957847238
"1808",1,5,-2.62931924097366,0.335684054763988
"1809",5,4,-3.13299397426848,0.997318788664415
"1810",6,5,-1.88665677957217,0.599867194890976
"1811",3,8,-4.07986364563255,0.468374384334311
"1812",2,6,-4.63353863670087,0.711021614726633
"1813",11,4,-2.96569335123709,0.345382261555642
"1814",2,4,-3.13385532488169,0.639099062420428
"1815",1,5,-6.51921382457526,0.359549869084731
"1816",2,4,-1.95064565380237,0.0817581519950181
"1817",1,6,-5.87396320503149,0.954663251759484
"1818",1,3,-3.37875261602227,0.353033115854487
"1819",1,4,-4.53931645686182,0.83818333549425
"1820",8,3,-5.29053908829482,0.529259875183925
"1821",6,4,-3.48788134149319,0.780769575154409
"1822",6,4,-4.50177580552423,0.389629767043516
"1823",1,2,-4.12298373944294,0.0285611813887954
"1824",13,5,-3.7370466782052,0.425698507577181
"1825",7,7,-5.64990738427527,0.0375992222689092
"1826",4,5,-4.18353850819739,0.398844862123951
"1827",5,4,-3.32037828144365,0.586177504388615
"1828",3,5,-3.13508190494488,0.75790849677287
"1829",2,3,-4.70674077352208,0.289224527543411
"1830",7,6,-3.96102316635384,0.12723333761096
"1831",1,5,-3.62364947485468,0.275624355999753
"1832",3,2,-4.61947403466589,0.343692269641906
"1833",3,6,-3.89679188635888,0.403663550037891
"1834",3,4,-3.13420319918873,0.492263375548646
"1835",6,5,-4.16499832048324,0.157164715230465
"1836",6,5,-2.73797050111871,0.00713508110493421
"1837",4,2,-4.6248602404133,0.475538897560909
"1838",7,3,-4.22104009900058,0.58750283299014
"1839",1,2,-5.26766038247632,0.0791238658130169
"1840",2,5,-3.68960938852704,0.790868289303035
"1841",11,4,-4.40395971521025,0.203131442191079
"1842",4,3,-4.15721764122885,0.334429051494226
"1843",2,4,-3.81732874820907,0.00821593683212996
"1844",5,2,-4.83957361711927,0.0623669745400548
"1845",11,7,-3.9131378837228,0.321388284210116
"1846",5,8,-4.67777929754346,0.598239808809012
"1847",1,4,-4.16526818473891,0.274731418583542
"1848",3,6,-4.09624460372031,0.917888935189694
"1849",7,5,-5.2836187599126,0.0881168274208903
"1850",3,3,-5.36053801856812,0.494102686177939
"1851",17,3,-4.88906759495102,0.462250632466748
"1852",2,5,-2.79106444712579,0.0651366591919214
"1853",4,6,-2.95235244717677,0.385891624493524
"1854",1,4,-4.55458779868758,0.801269770599902
"1855",2,6,-3.48255699079278,0.0987577904015779
"1856",2,1,-3.95875298663099,0.359323348617181
"1857",4,6,-5.4317911773486,0.974121939158067
"1858",1,5,-3.81221999224053,0.538358635036275
"1859",5,4,-3.31174590070308,0.0435202911030501
"1860",3,4,-1.29009070802425,0.523435646202415
"1861",6,5,-4.2439654572872,0.402599207824096
"1862",6,4,-2.04346118326569,0.694740377133712
"1863",1,2,-4.27098865886161,0.42227903730236
"1864",5,5,-4.0837583814494,0.150282859103754
"1865",7,3,-3.57092028186848,0.174590754555538
"1866",2,8,-4.34519125145844,0.253322273259983
"1867",11,3,-3.46535165698651,0.712410433450714
"1868",6,6,-4.73231495786285,0.198047539684922
"1869",14,4,-5.36850089648856,0.43395383306779
"1870",3,4,-4.31677444513302,0.0805595135316253
"1871",1,3,-3.84491361646528,0.475312758237123
"1872",14,0,-3.89243369999648,0.81320825079456
"1873",2,5,-4.22855118892852,0.215050430502743
"1874",4,3,-4.03492744103318,0.474437129450962
"1875",7,7,-4.59125939535115,0.546890712808818
"1876",4,4,-5.90764615936028,0.642647293163463
"1877",3,7,-4.00451962559082,0.36261103185825
"1878",6,7,-4.2873852933151,0.331177303800359
"1879",2,5,-3.89903377914148,0.286356372293085
"1880",1,7,-4.98444162996035,0.106023849919438
"1881",8,3,-3.94373019950105,0.587540114065632
"1882",8,3,-6.43882468371153,0.468000103952363
"1883",2,7,-4.50458271484363,0.659629438305274
"1884",12,4,-2.25291692084316,0.315396858612075
"1885",17,5,-4.56795526305321,0.766001866431907
"1886",5,3,-3.52152585112686,0.675255187787116
"1887",4,3,-3.302211631108,0.700121477013454
"1888",2,5,-4.15345513014401,0.0810145833529532
"1889",1,6,-3.84583123962685,0.599824123783037
"1890",9,5,-3.34356348933901,0.117402499774471
"1891",3,1,-5.37310855166276,0.7725737800356
"1892",3,1,-4.64289679222662,0.0616902783513069
"1893",2,5,-3.80621421095956,0.101211768807843
"1894",4,8,-3.48533745252188,0.693358863005415
"1895",4,3,-3.99838786186542,0.448085660347715
"1896",1,6,-5.40190168378858,0.496439094189554
"1897",1,3,-4.25945671749786,0.142018981976435
"1898",8,4,-3.82635003893716,0.554485277971253
"1899",1,6,-4.16725517547012,0.0101843650918454
"1900",4,6,-4.32909832397135,0.280869524227455
"1901",1,7,-3.47437498145332,0.162786982953548
"1902",5,4,-4.17878592717526,0.0826377905905247
"1903",13,5,-3.25098214790898,0.175697488943115
"1904",12,3,-4.58518073687086,0.258600598433986
"1905",3,3,-3.27755960198718,0.43823764892295
"1906",1,5,-3.49056034823689,0.62132865190506
"1907",5,3,-4.314076186393,0.179630218073726
"1908",4,3,-3.67591678491105,0.0311791866552085
"1909",1,5,-3.32676816475467,0.306963085429743
"1910",3,5,-3.74380472296935,0.41409513913095
"1911",2,3,-2.61144278144311,0.339761952171102
"1912",2,6,-3.86258921687648,0.140879354905337
"1913",12,6,-4.0648320338144,0.283206108026206
"1914",2,6,-3.02402481888579,0.764229697408155
"1915",10,2,-5.38641107176899,0.103602270130068
"1916",2,6,-2.75646052823211,0.237435260787606
"1917",5,4,-3.04493310467376,0.560031360248104
"1918",3,7,-4.84030295124382,0.949682996142656
"1919",6,6,-2.04786923306636,0.13136207126081
"1920",15,3,-2.42514168387828,0.871073968475685
"1921",9,6,-3.74215173068275,0.786502323346213
"1922",6,4,-5.72880358504996,0.978532793698832
"1923",4,2,-4.23555530220737,0.631833693245426
"1924",4,5,-3.00560131212078,0.980923346243799
"1925",7,4,-3.94005868430674,0.637329449644312
"1926",1,4,-3.56950909603963,0.955448438180611
"1927",14,3,-4.47345149958949,0.0975004057399929
"1928",4,5,-5.56603309382161,0.555328717222437
"1929",3,0,-3.42222483085657,0.011785265058279
"1930",4,6,-3.42396243512655,0.495103671448305
"1931",8,4,-5.62635839882747,0.833493674173951
"1932",1,4,-3.47091923251334,0.0780446908902377
"1933",4,3,-5.27990984588306,0.702738012187183
"1934",6,3,-5.25892732184294,0.602262251777574
"1935",1,5,-5.44169521225918,0.280364688951522
"1936",7,3,-3.68487847480899,0.714157971320674
"1937",5,4,-3.65850390757612,0.520530183333904
"1938",2,6,-5.19265309830758,0.47881617047824
"1939",2,9,-2.89296892818459,0.283131641102955
"1940",13,3,-6.1539978571136,0.737075601471588
"1941",2,6,-5.39636322086449,0.0106627463828772
"1942",1,4,-5.95887636520497,0.565651704324409
"1943",11,4,-4.25661629259018,0.725726234726608
"1944",8,4,-3.55734432937242,0.936544264201075
"1945",1,3,-3.63546567515426,0.570646663662046
"1946",4,4,-3.96459016270871,0.798822097247466
"1947",5,3,-1.78559090361022,0.489993315655738
"1948",1,4,-4.83748499568815,0.263818494509906
"1949",9,4,-3.2391140171399,0.791753965895623
"1950",2,10,-4.6957991772143,0.926835907390341
"1951",17,3,-4.08891840362353,0.549150232225657
"1952",1,5,-3.18941825117285,0.933363505639136
"1953",1,5,-3.71477465268208,0.086201247991994
"1954",3,6,-4.49019189123709,0.0884199305437505
"1955",5,3,-5.19904378806814,0.825744769535959
"1956",1,6,-3.09940497266938,0.353414979297668
"1957",3,3,-3.09496836302513,0.293247887399048
"1958",3,4,-3.94935055692458,0.260432529030368
"1959",1,3,-2.99885413603117,0.208391478983685
"1960",1,3,-4.479408771875,0.849159589968622
"1961",12,6,-3.24351470970008,0.579019458964467
"1962",1,6,-3.11668465617872,0.126447057584301
"1963",10,3,-2.84617465337107,0.751774512929842
"1964",2,1,-3.83803924745025,0.10761400219053
"1965",4,5,-4.85151310349856,0.993002776522189
"1966",8,4,-2.78852205676649,0.119618573226035
"1967",1,5,-3.02629735541654,0.210077745141462
"1968",7,2,-2.6543285398629,0.585254221456125
"1969",1,3,-0.662237695138646,0.0802488457411527
"1970",1,6,-5.72249194129969,0.0319771242793649
"1971",15,4,-3.13101272129003,0.870587174780667
"1972",3,3,-5.02017267939213,0.0333435635548085
"1973",2,3,-3.60850106341626,0.779262370197102
"1974",11,3,-4.05486900224973,0.837358711287379
"1975",2,1,-1.58324526912602,0.400216538226232
"1976",5,3,-6.38817793991321,0.786513564875349
"1977",2,6,-3.49850310168288,0.195254843216389
"1978",11,3,-4.41911322424552,0.87454167031683
"1979",5,4,-4.61470456474158,0.601135753560811
"1980",5,6,-3.64508863765056,0.268370913341641
"1981",3,6,-3.53666604082004,0.791762520559132
"1982",1,8,-4.36224671791362,0.832768221618608
"1983",2,8,-2.77572092615669,0.0789959789253771
"1984",4,3,-4.78020122650492,0.309460645308718
"1985",6,4,-4.27400846300332,0.147395726526156
"1986",4,1,-3.48890367943192,0.793429478304461
"1987",5,4,-2.19480825510161,0.712540148524567
"1988",4,5,-3.88592919852432,0.865304438630119
"1989",1,5,-4.67061052598626,0.712030349066481
"1990",5,3,-3.95716082847932,0.555199393071234
"1991",3,3,-4.62902986115518,0.305305584566668
"1992",7,3,-4.32291989803783,0.326323165325448
"1993",9,7,-3.4267855657234,0.537086424184963
"1994",6,7,-1.91928631538799,0.845415983581915
"1995",13,5,-4.06236012397584,0.727036720141768
"1996",9,4,-3.80147393454689,0.179419262101874
"1997",1,5,-2.99855106667652,0.764527806080878
"1998",1,4,-4.448761886845,0.347015200881287
"1999",3,6,-4.04222812890228,0.32229226292111
"2000",4,5,-2.8716134157426,0.878112531965598
